-- MySQL dump 10.13  Distrib 5.1.41, for Win32 (ia32)
--
-- Host: localhost    Database: cerad_test
-- ------------------------------------------------------
-- Server version	5.1.41

/*!40101 SET @OLD_CHARACTER_SET_CLIENT=@@CHARACTER_SET_CLIENT */;
/*!40101 SET @OLD_CHARACTER_SET_RESULTS=@@CHARACTER_SET_RESULTS */;
/*!40101 SET @OLD_COLLATION_CONNECTION=@@COLLATION_CONNECTION */;
/*!40101 SET NAMES utf8 */;
/*!40103 SET @OLD_TIME_ZONE=@@TIME_ZONE */;
/*!40103 SET TIME_ZONE='+00:00' */;
/*!40014 SET @OLD_UNIQUE_CHECKS=@@UNIQUE_CHECKS, UNIQUE_CHECKS=0 */;
/*!40014 SET @OLD_FOREIGN_KEY_CHECKS=@@FOREIGN_KEY_CHECKS, FOREIGN_KEY_CHECKS=0 */;
/*!40101 SET @OLD_SQL_MODE=@@SQL_MODE, SQL_MODE='NO_AUTO_VALUE_ON_ZERO' */;
/*!40111 SET @OLD_SQL_NOTES=@@SQL_NOTES, SQL_NOTES=0 */;

use cerad_test;

--
-- Table structure for table `account`
--

DROP TABLE IF EXISTS `account`;
/*!40101 SET @saved_cs_client     = @@character_set_client */;
/*!40101 SET character_set_client = utf8 */;
CREATE TABLE `account` (
  `id` int(10) unsigned NOT NULL AUTO_INCREMENT,
  `account_person_id` int(10) DEFAULT '0',
  `remember_me` int(10) DEFAULT '1',
  `user_name` char(40) NOT NULL,
  `user_pass` char(32) NOT NULL,
  `lname` char(40) DEFAULT '',
  `hint` char(40) DEFAULT '',
  `email` char(64) DEFAULT '',
  `status` int(10) unsigned DEFAULT '1',
  PRIMARY KEY (`id`),
  UNIQUE KEY `i0` (`user_name`)
) ENGINE=MyISAM AUTO_INCREMENT=1252 DEFAULT CHARSET=utf8;
/*!40101 SET character_set_client = @saved_cs_client */;

--
-- Dumping data for table `account`
--

LOCK TABLES `account` WRITE;
/*!40000 ALTER TABLE `account` DISABLE KEYS */;
INSERT INTO `account` VALUES (1,1,1,'ahundiak','14c9c680b61b8aa0f591a51367eabf9b','Hundiak','Back to the basics','ahundiak@ayso894.org',1),(4,8,1,'van','957d2fa52c19a5aff4ccf5d9a959adab','Sullivan','','',1),(5,12,1,'dnickolaus','299ad925b432e99fbc250cf7fde69c51','Nickolaus','','cheetah@knology.net',1),(6,15,1,'wilsonc','18018493e54a9ad9af7d5ed65269d3a2','Wilson','','jay.wilson@dynetics.com',1),(7,16,1,'bama1990','7e94111f8943b7d8f0529744e373ec49','Harmening','','scott.j.harmening@saic.com',1),(8,17,1,'sestrand','c582594e8cd2c7cd87598550dd252e96','Strand','','stephen@thestrandfamily.org',1),(9,18,1,'Harness','c12d2dcc90f9c6d6f3eaff0e57bf5b7c','Harness','','kdharness@knology.net',1),(10,19,1,'gmcreynolds','8daa76828b5a4b4bb3d61baee12fbf4d','McReynolds','','cplmac882@hotmail.com',1),(11,21,1,'jimrog','1f456ae275afe32515c90a512c7e6d94','Rogers','','jimrog@lycos.com',1),(12,22,1,'kwbruening','70435e7b2f6c7a93c9d5b0b4e61347f4','Bruening','','kwb@sprintmail.com',1),(13,23,1,'aggolfs','96c37052a710439a921ca8a8eac679ec','Guerrero','','aggolfs@gmail.com',1),(14,24,1,'dbowman','2178a519ce19740b29630dc12cd9cd26','Bowman','','dbowmaniv@yahoo.com',1),(15,25,1,'George Knapp','b481127369b2113a7d5b1bb84adbd256','Knapp','','Knapp008@aol.com',1),(16,26,1,'PGalloway','abeb1d6f727d4016cba8d230e06173e2','Galloway','','pngalloway@juno.com',1),(17,27,1,'bjohnson@knology.net','e003fc7a042c30425d9ce9a9ecc2a3d7','Johnson','','bjohnson@knology.net;wcjohnso@ingr.com',1),(18,29,1,'mebailey','663ff77d45aca7dd02934bd654116dcf','Bailey','','mark.bailey@intergraph.com',1),(19,30,1,'newmanjhsv','79b24148010b279fdd9ab20f925ae093','Newman','','jnewman@knology.net',1),(20,31,1,'rturrentine','acc4fa05f2be1012d93d1643d1d32b3d','Turrentine','','ronnie.turrentine@gmail.com',1),(21,32,1,'dgatlin66','78f78e0dc5491adf6f0a5b89f70e692d','Gatlin','','david.gatlin@wahchang.com',1),(22,33,1,'dking193','ae3189cb7df82afaf4f126faf164e869','King','','dking@aegistg.com',1),(23,35,1,'pottstk','b54da7e8e531350040911225e7a0d103','Potts','','thomaskpotts@yahoo.com',1),(24,36,1,'gubermk','f5a2c190416cef0a31a84f7302c4cfc1','Gubert','','michael.k.gubert@nasa.gov',1),(25,38,1,'mfutrell','5c0712f9218818574d60dbe8d6cea173','Futrell','','mfutrell@hiwaay.net',1),(26,41,1,'klangjahr','5c6acaa45d147ad3f6132025e49fb019','Langjahr','','klangjahr@bellsouth.net',1),(27,42,1,'squint006','337ac9d8ee3875e1b81f854c58e31a23','Goodmon','','squint006@yahoo.com',1),(28,43,1,'jwrankin','6836ae797159326587d2eb89000c5e1b','Rankin','','jrankin@knology.net',1),(29,44,1,'dsaal','0c94ea3ecdd57ac44984589682e4be05','Saalwaechter','','saal@mchsi.com',1),(30,45,1,'benjamin','75509e3357d5ebaa1aa0ae5b92f67a42','nickolaus','','nick',1),(31,46,1,'nick','75509e3357d5ebaa1aa0ae5b92f67a42','nickolaus','','nick_mcloud1@yahoo.com',1),(32,47,1,'mgordon','bacba6df0e00c740e1a71acd44147997','Gordon','','michael.gordon@earthlink.net',1),(33,48,1,'peter.smart','b729d92ee4a3fdc4ffd623365dad8c54','Smart','','peteandalex@knology.net',1),(34,49,1,'ChrisNave','d3319241a1cc6afc192403fb279a8b7d','Nave','','cesn@msn.com',1),(35,50,1,'Michelle Ballard','bb36feaac46d7aaab418138b578fd7e0','Ballard','','shadballard@hotmail.com',1),(36,51,1,'jeffeast','6177eab80a5c6ddc6a5d980dee3d179c','East','','the_easts@bellsouth.net',1),(37,52,1,'emily black','8acf75cf737d8855215bb903dbdc9b4b','black','','traeblack@knology.net',1),(38,53,1,'JRawlings','bb466dfa2dfbee3e08af56d1f2fae0a3','Rawlings','','JRawlings@lwol.com',1),(39,54,1,'JasonRader','17ca9298a2d1ffe9c5de7d8ed73b0f4e','Rader','','jason@darthrader.com',1),(40,55,1,'santhony','3b8390b95d667a9f1e0e9978251d4134','Anthony','','santhony@knology.net',1),(41,56,1,'walkerp','2f745af8ed353e944c2d0190e6968167','Walker','','ptwalker@mchsi.com',1),(42,57,1,'jmdew','bee783ee2974595487357e195ef38ca2','Wilson','','JackieAndMary@knology.net',1),(43,58,1,'dakloske','152c28cf68d0593a4985ff4695fa33da','Kloske','','dakloske@aol.com',1),(44,59,1,'kwade13@bellsouth.net','bce229e02b36ce5892105b28f731bdc7','Riley','','kwade13@bellsouth.net',1),(45,60,1,'smithpost','eea9a0d311305eb2f7b02601f8376b2d','Smith','','smithpost@bellsouth.net',1),(46,61,1,'moorhead','c4d4b8129be4c14b8b8403f619beb0f5','Moorhead','','michaelmoorhead@knology.net',1),(48,63,1,'TeedOff','dbb8cf8bc8e58b226488f8641cc1b4e3','Massey','','TeedOff@yahoo.com',1),(49,64,1,'jtgibson','85307d40a2b68824bc394fc216f1a0e1','Gibson','','gibson@westar.com',1),(50,65,1,'schocke','041cf7cf23d3d372644b707505218fb0','Schocke','','schocke@knology.net',1),(51,66,1,'Wayne Eurton','38bfd6c23ad992da37aa1f4f54f62927','Eurton','','waeurton@knology.net',1),(52,67,1,'DaveKennedy','0ddebe45ffe1f27880dcb246bdab88c5','Kennedy','','dkennedy@camber.com',1),(53,69,1,'kpitts','827ccb0eea8a706c4c34a16891f84e7b','Pitts','','k_pitts123@yahoo.com',1),(54,70,1,'pillaroffire','a416b5c1f2af536629481e99cff4264e','Gipson','','defender@arilion.com',1),(55,72,1,'fpdragna','c12d2dcc90f9c6d6f3eaff0e57bf5b7c','Dragna','','frankdragna@aol.com',1),(56,73,1,'ooskyoome','9af8bdcff30174cd702a626fa1f27529','Owen','','owenjr@knology.net',1),(57,74,1,'tallen','c2c4d32d23f98eac6d83dcd8da33e873','Allen','','kknightallen@mchsi.com',1),(58,75,1,'quinta thrasher','d914e3ecf6cc481114a3f534a5faf90b','Thrasher','','qmtbama@aol.com',1),(59,76,1,'JeffGurley','f78f2477e949bee2d12a2c540fb6084f','Gurley','','whoisnorml35757@yahoo.com',1),(60,77,1,'dschmidt','7d835d33e59317136c15fe67cc678334','Schmidt','','darrell_schmidt@knology.net',1),(61,78,1,'bassem','0207183cba4c217e519166d7fde8ea65','Mahafza','','bmahafza@dbresearch.net',1),(62,79,1,'cfutrell','a7ee2b274b880f45f981c3502f2952c6','Futrell','','cfutrell@hiwaay.net',1),(63,80,1,'firstbamabum','2edecaa4f742ade2d28699f09b1fd9ab','clegg','','firstbamabum@bellsouth.net',1),(64,81,1,'chmccarv','bd3cc559e69503545f8e004706b20e3b','McCarver','','chmccarv@knology.net',1),(65,82,1,'AUsomTiger','f78f2477e949bee2d12a2c540fb6084f','Elliott','','ausomtiger@yahoo.com',1),(66,83,1,'NguyenHK','c12d2dcc90f9c6d6f3eaff0e57bf5b7c','Nguyen','','Hong.Nguyen@amrdec.army.mil; hong.nguyen',1),(67,85,1,'reddragon414','b4c3b75c38abc2b683f01a280299661a','Gafford','','d.w@gafford.ws',1),(68,86,1,'Karen','349bfcae475b42c088bb7e3245bd9e39','Farlow','','karen.farlow@knology.net',1),(69,87,1,'patooley','7ff135854376850e9711bd75ce942e07','tooley','','mptooley@mchsi.com',1),(70,88,1,'mkollman','d6b904031a80e4c15044733ce3efbf30','kollman','','mkollman@mailaka.net',1),(71,89,1,'Jimmy Erves','00ddd205bff1b4055d35c38c6aa68ca4','Erves','','Bovina1@knology.net',1),(72,90,1,'Holly','20b02dc95171540bc52912baf3aa709d','Goodmon','','blondey2479@yahoo.com',1),(73,91,1,'etipton','2f7cdf67387a8eaca8a7589119ab7797','Tipton','','etipton@knology.net',1),(74,94,1,'phil brown','0f5d952e6dcad9a41366fb27b1c5c29c','brown','','phillip.brown@cas-inc.com',1),(75,95,1,'tgilmore','5efa62531626689689237a727245166a','gilmore','','tgilmore@hsvutil.org',1),(76,96,1,'harrisonmary','dedc9f03fb620d084bfa094aca981e31','Harrison','','mary.e.harrison@saic.com',1),(77,97,1,'mmorgan','c12d2dcc90f9c6d6f3eaff0e57bf5b7c','Morgan','','mmorgan@gray-research.com',1),(78,98,1,'mbrnj','97f9be1fa6babfa63ad9aa4ece59ab54','Arnold','','mbrnj@bellsouth.net',1),(79,99,1,'mikef53','e360fe821e95e7275d36ab4809b86b90','Flachbart','','mikeflachbart@bellsouth.net',1),(80,100,1,'peytonre','1fd050c7af7da1137677810961e46084','Peyton','','robert.peyton@knology.net',1),(81,101,1,'rjcbear','9831e4a3a79d36ab98beac82db8b9668','Calle','','rickycalle@ballroomdancingshoe.com',1),(82,102,1,'SOCCER','c6c927a263f332d83bbcc53c6641d6cb','LOTT','','LURCH1540@NETZERO.NET',1),(83,103,1,'dwhill','4ed677600f66c07cc2fe68cef9fff615','Hill','','dave.hill@altec.com',1),(84,104,1,'LDCain','215caf08daa64171406e34cb1816ea74','Cain','','ldcain@bellsouth.net',1),(85,105,1,'pstreeter','563ddd32fe8cf759e2e447d6ef7bdb4c','Streeter','','pstreeter@knology.net',1),(86,106,1,'MartinLC','fd69356db91d37ecd9f8ec40f9df87b1','Campbell','','martylc@hotmail.com',1),(87,107,1,'Theresa Durboraw','3e1ff1e9ec7f067c5b1a1d4e80d77049','Durboraw','','durboraw@knology.net',1),(88,109,1,'sour apples','bc8f87a21501ae15a48d77a91513c3a7','gordon','','gordonfamily@knology.net',1),(89,111,1,'gls5197','c12d2dcc90f9c6d6f3eaff0e57bf5b7c','Bohannan','','dboh@arilion.com',1),(90,112,1,'jcoombs','1f73a996148f362f25758b5fbe30363d','coombs','','jlcoombs@bellsouth.net',1),(91,113,1,'rowe_chasity','83d5de94debe4e04e955420e3c4b8e57','Rowe','','rowe_chasity@yahoo.com',1),(92,114,1,'lferrans','3015ca4f270b6938b27c95863174a8db','Ferrans','','ferrans@knology.net',1),(93,115,1,'dleviner','0daafee45fc7a606186954810d8ee59d','Leviner','','david.leviner@adtran.com',1),(94,116,1,'billcrosson','460b491b917d4185ed1f5be97229721a','Crosson','','bcrosson@knology.net',1),(95,117,1,'knish','93997c39911a1a36526c901ccb9bc22e','Nishimuta','','knish@mchsi.com',1),(96,118,1,'Cooper151','ec8c87af16da36dccf8de074577194a0','Cooper','','ppprc04@bellsouth.net',1),(97,121,1,'counter.d@juno.com','3a4f9043baf95aadfcd97064fcda87e7','Counter','','counter.d@juno.com',1),(98,122,1,'safitz','c12d2dcc90f9c6d6f3eaff0e57bf5b7c','Fitzgerald','','safitz@knology.net',1),(99,123,1,'tabohana','54696812b96fc3ca6927bc7b997c65ea','Bohanan','','dbohanan@yahoo.com',1),(100,124,1,'jason.m.pitts','084bf25cb5d7ea954e13e264437daf1c','Pitts','','jason.m.pitts@netzero.net',1),(101,126,1,'djharness','85307d40a2b68824bc394fc216f1a0e1','Harness','','kdharness@knology.net',1),(102,127,1,'gabby16','a16a75b6e3fb3de4d943a8371ad2214a','Fullington','','liegh16@yahoo.com',1),(103,128,1,'rossrob','5d907853a9617cfd55fb62eae803595b','Ross','','robert.h.ross@saic.com',1),(104,130,1,'morganr','389ddae870327dbe5879073bb8db605c','Morgan','','ray.morgan@us.army.mil',1),(105,132,1,'jones','cc8b34952934e1d1c3cbe59af8e20ac8','Jones','','jonathan.e.jones@nasa.gov',1),(106,133,1,'davidsoc12','d86c29f43720d74ed29e0b248e67ca64','Parks','','david.parks@knology.net',1),(107,136,1,'hatfieldsinal','fbe150027ecfdbb18fab7c6aecc2b1f7','Hatfield','','hatfieldsinal@knology.net',1),(108,137,1,'kellykennedy','1b7a2a40fdd996ef6522194315b78ac6','Kennedy','','kkennedy@camber.com',1),(109,139,1,'gil ferguson','c12d2dcc90f9c6d6f3eaff0e57bf5b7c','Ferguson','','gjferguson@bellsouth.net',1),(110,140,1,'tungle7','e8606e338998361f1b6b8ff3768e5c0b','Le','','tungle7@yahoo.com',1),(111,141,1,'dadouglas','c34c323863872294250d3cacfd7d7af3','Douglas','','david.douglas@knology.net',1),(112,142,1,'mormic64','7d938623c9cb305f818b5ac44bf673eb','Wrzeszcz','','tom.wrzeszcz@intergraph.com',1),(113,143,1,'reset','da443a0ad979d5530df38ca1a74e4f80','Soccer','','',1),(114,144,1,'jmurata','da443a0ad979d5530df38ca1a74e4f80','Murata','','',1),(115,145,1,'Mark Silver','b74246799eb859f64646a0b61733903c','Silver','','marksilver@knology.net',1),(116,146,1,'gilliess','59537eb5806e2f37aa46cbfd1dcda22c','Gillies','','gilliess@knology.net',1),(117,148,1,'dumont','9b78109d0d87d0f162fe64795aee6c65','Dumont','','dumont@hiwaay.net',1),(118,149,1,'eichelkrautc','7d1efeae09455d54206e8f111beeeab3','Eichelkraut','','eichelkrautc@bellsouth.net',1),(119,152,1,'rpk2msu','c12d2dcc90f9c6d6f3eaff0e57bf5b7c','King','','rick@geekking.com',1),(170,154,1,'munozdan','ea5ff318a9127c648aee67e13519759e','Munoz','','munozdan@knology.net',1),(171,155,1,'jrmunoz','ea5ff318a9127c648aee67e13519759e','Munoz','','jrmunoz@knology.net',1),(172,156,1,'MsPinky','339e9bdf8dd23bfa448bf280851015fc','Hundiak','','rahundia@yahoo.com',1),(173,157,1,'mightymo','f8946190cb0af6277b74dd9029242b49','Ramirez','','moisesramirez@hotmail.com',1),(175,158,1,'zzz','f3abb86bd34cf4d52698f14c0da1dc60','Schmoe','','',1),(180,164,1,'DAgarwal','a3a10b30a6be7ceedfcac1a57c5f2562','Agarwal','','',1),(181,165,1,'sappling','e892f70829c1f7412842cd5d659cad4b','Appling','','eappling@knology.net',1),(182,166,1,'jappling','e847be83945fa65e9acf2bf625d1950b','Appling','','',1),(183,167,1,'shappling','e847be83945fa65e9acf2bf625d1950b','Appling','','',1),(184,168,1,'CArmstrong','e847be83945fa65e9acf2bf625d1950b','Armstrong','','',1),(185,169,1,'SBatson','e847be83945fa65e9acf2bf625d1950b','Batson','','',1),(186,170,1,'CBaughn','e847be83945fa65e9acf2bf625d1950b','Baughn','','',1),(187,171,1,'chbaughn','e847be83945fa65e9acf2bf625d1950b','Baughn','','',1),(188,172,1,'dbaughn','e847be83945fa65e9acf2bf625d1950b','Baughn','','',1),(189,173,1,'dabaughn','e847be83945fa65e9acf2bf625d1950b','Baughn','','',1),(190,174,1,'CBlair','891523930f6c873429b89d9143f39c5f','Blair','','',1),(191,175,1,'JBlair','e847be83945fa65e9acf2bf625d1950b','Blair','','',1),(192,176,1,'jbloodsworth','e847be83945fa65e9acf2bf625d1950b','Bloodsworth','','',1),(193,177,1,'JBong','e847be83945fa65e9acf2bf625d1950b','Bong','','',1),(194,178,1,'nbooth','b21be43b4d49afccc97385921df398ac','Booth','','',1),(195,179,1,'bbooth','da443a0ad979d5530df38ca1a74e4f80','Booth','','bbooth@booth.net',1),(196,180,1,'WBrinda','e847be83945fa65e9acf2bf625d1950b','Brinda','','',1),(197,181,1,'EBruno','e847be83945fa65e9acf2bf625d1950b','Bruno','','',1),(198,182,1,'MBruno','e847be83945fa65e9acf2bf625d1950b','Bruno','','',1),(199,183,1,'SBruno','e847be83945fa65e9acf2bf625d1950b','Bruno','','',1),(200,184,1,'GBurns','5be68a10b59790234ffe22e25c2de353','Burns','','',1),(201,185,1,'mmcampbell','e847be83945fa65e9acf2bf625d1950b','Campbell','','',1),(202,186,1,'ACampbell','e847be83945fa65e9acf2bf625d1950b','Campbell','','',1),(203,187,1,'Tcannon','e847be83945fa65e9acf2bf625d1950b','Cannon','','',1),(204,188,1,'MChivers','e847be83945fa65e9acf2bf625d1950b','Chivers','','',1),(205,189,1,'JClemens','9aa2eb58d61546c12062cd3f9456a5d1','Clemens','','marathonrun@knology.net',1),(206,190,1,'nconaway','e847be83945fa65e9acf2bf625d1950b','Conaway','','',1),(207,191,1,'tcook','db688fb0f656c613e65ccf7089f1457b','Cook','','bludev422@aol.com',1),(208,192,1,'HCordier','84c17484c9d38145306c3e9000148170','Cordier','','helconcord@gmail.com',1),(209,193,1,'SCousart','e847be83945fa65e9acf2bf625d1950b','Cousart','','',1),(210,194,1,'ACraig','e847be83945fa65e9acf2bf625d1950b','Craig','','',1),(211,195,1,'ACrumbley','90229f586127bd156777334a811efaef','Crumbley','','annielovesmaho@knology.net',1),(212,196,1,'JCurran','e847be83945fa65e9acf2bf625d1950b','Curran','','',1),(213,197,1,'KCurran','e847be83945fa65e9acf2bf625d1950b','Curran','','',1),(214,198,1,'MCurran','e847be83945fa65e9acf2bf625d1950b','Curran','','',1),(215,199,1,'JMCurran','e847be83945fa65e9acf2bf625d1950b','Curran','','',1),(216,200,1,'dcutshall','a215142a51a863a54002ed113ac1eb62','Cutshall','','dcutshall@knology.net',1),(217,201,1,'ldaniel','e847be83945fa65e9acf2bf625d1950b','Daniel','','',1),(218,202,1,'LesDaniel','e847be83945fa65e9acf2bf625d1950b','Daniel','','',1),(219,203,1,'BDeberry','e847be83945fa65e9acf2bf625d1950b','Deberry','','',1),(220,204,1,'deberma','e847be83945fa65e9acf2bf625d1950b','Deberry','','',1),(221,205,1,'MDelmas','e847be83945fa65e9acf2bf625d1950b','Delmas','','',1),(222,206,1,'RDemirjian','e847be83945fa65e9acf2bf625d1950b','Demirjian','','',1),(223,207,1,'JDennison','af7372f8360c2158f9d422ebf3e898e0','Dennison','','',1),(224,208,1,'MDennison','e847be83945fa65e9acf2bf625d1950b','Dennison','','',1),(225,209,1,'RDennison','e847be83945fa65e9acf2bf625d1950b','Dennison','','',1),(226,210,1,'sdickinson','e847be83945fa65e9acf2bf625d1950b','Dickinson','','',1),(227,211,1,'MDong','f0c67f3e333297ebe7587196ce2c7742','Dong','','mdong0862@knology.net',1),(228,212,1,'mdoyle','8fb0eb367be2c2f6ffae06a03ee32fc6','Doyle','','',1),(229,213,1,'mdraper','e847be83945fa65e9acf2bf625d1950b','Draper','','',1),(230,214,1,'Teberle','e847be83945fa65e9acf2bf625d1950b','Eberle','','',1),(231,215,1,'CElegante','5f7740e79fa93314c591493e5b2befb1','Elegante','','',1),(232,216,1,'DElegante','ccf6184efe5e38da61ef2e9a30d1c1ea','Elegante','','',1),(233,217,1,'dellgen','e847be83945fa65e9acf2bf625d1950b','Ellgen','','',1),(234,218,1,'DElliott','79b6179138d349b421c01df290cf5c5a','Herndon Elliott','','helliott@knology.net',1),(235,219,1,'ChEvans','e847be83945fa65e9acf2bf625d1950b','Evans','','',1),(236,220,1,'CEvans','e847be83945fa65e9acf2bf625d1950b','Evans','','',1),(237,221,1,'DEvans','e847be83945fa65e9acf2bf625d1950b','Evans','','',1),(238,222,1,'SEvans','e847be83945fa65e9acf2bf625d1950b','Evans','','',1),(239,223,1,'TFlorence','e2ffb45152216763eec780d01b87569a','Florence','','tom,florence@knology.net',1),(240,224,1,'CaFlowers','e847be83945fa65e9acf2bf625d1950b','Flowers','','',1),(241,225,1,'CFlowers','e847be83945fa65e9acf2bf625d1950b','Flowers','','',1),(242,226,1,'MFlowers','e847be83945fa65e9acf2bf625d1950b','Flowers','','',1),(243,227,1,'Jford','ef07650797d39080514eb3ed2d4924fb','Ford','','',1),(245,229,1,'JFramer','e847be83945fa65e9acf2bf625d1950b','Framer','','',1),(246,230,1,'KFrederick','e847be83945fa65e9acf2bf625d1950b','Frederick','','',1),(247,231,1,'SFrederick','e847be83945fa65e9acf2bf625d1950b','Frederick','','',1),(248,232,1,'KFury','bb5f13a525824d1f187ba4b073281a4c','Fury','','Furys@knology.net',1),(249,233,1,'CGerlach','e847be83945fa65e9acf2bf625d1950b','Gerlach','','',1),(250,234,1,'PGerlach','e847be83945fa65e9acf2bf625d1950b','Gerlach','','',1),(251,235,1,'MGiauque','e847be83945fa65e9acf2bf625d1950b','Giauque','','',1),(252,236,1,'wgoins','e847be83945fa65e9acf2bf625d1950b','Goins','','',1),(253,237,1,'DGooch','f451cae4e99da60b54796d721483d6f1','Gooch','','',1),(254,238,1,'DGraham','b23f665210a1914cab61bc8eba4c9ae0','Graham','','bgraham@knology.net',1),(255,239,1,'JGraham','e847be83945fa65e9acf2bf625d1950b','Graham','','',1),(256,240,1,'SGraham','e847be83945fa65e9acf2bf625d1950b','Graham','','',1),(257,241,1,'Mgravel','e847be83945fa65e9acf2bf625d1950b','Gravel','','',1),(258,242,1,'BGreen','e847be83945fa65e9acf2bf625d1950b','Green','','',1),(259,243,1,'CGreen','e847be83945fa65e9acf2bf625d1950b','Green','','',1),(260,244,1,'HGriffis','e847be83945fa65e9acf2bf625d1950b','Griffis','','',1),(261,245,1,'Cgrimm','e847be83945fa65e9acf2bf625d1950b','Grimm','','',1),(262,246,1,'Tgrimm','e847be83945fa65e9acf2bf625d1950b','Grimm','','',1),(263,247,1,'phaanschoten','e847be83945fa65e9acf2bf625d1950b','Haanschoten','','',1),(264,248,1,'BrHager','e847be83945fa65e9acf2bf625d1950b','Hager','','',1),(265,249,1,'PHager','e847be83945fa65e9acf2bf625d1950b','Hager','','',1),(266,250,1,'BHager','e847be83945fa65e9acf2bf625d1950b','Hager','','',1),(267,251,1,'Thardin','e847be83945fa65e9acf2bf625d1950b','Hardin','','',1),(268,252,1,'MHart','e847be83945fa65e9acf2bf625d1950b','Hart','','',1),(269,253,1,'shastings','e847be83945fa65e9acf2bf625d1950b','Hastings','','',1),(271,255,1,'CHeaton','e847be83945fa65e9acf2bf625d1950b','Heaton','','',1),(272,256,1,'GHenderson','07edfe16aff20c25f69c07ef91ebea7c','Henderson','','',1),(273,257,1,'r_henderson','e847be83945fa65e9acf2bf625d1950b','Henderson','','',1),(274,258,1,'AHood','e847be83945fa65e9acf2bf625d1950b','Hood','','',1),(275,259,1,'JHood','e847be83945fa65e9acf2bf625d1950b','Hood','','',1),(276,260,1,'RickHopkins','e847be83945fa65e9acf2bf625d1950b','Hopkins','','',1),(277,261,1,'CHoward','e847be83945fa65e9acf2bf625d1950b','Howard','','',1),(278,262,1,'DHutchinson','cefeae18a8d5d4087654cf50f2821b16','Hutchinson','','dhutchinson@knology.net',1),(279,263,1,'KJaime','e847be83945fa65e9acf2bf625d1950b','Jaime','','',1),(280,264,1,'HJarrell','ea55e17bdf14b521bf64d55f58e5b132','Jarrell','','hnt2@mchsi.com',1),(282,266,1,'scooterjohnson','e847be83945fa65e9acf2bf625d1950b','Johnson','','',1),(283,267,1,'DaJohnston','e847be83945fa65e9acf2bf625d1950b','Johnston','','',1),(284,268,1,'NJohnston','e847be83945fa65e9acf2bf625d1950b','Johnston','','nick.johnston@nasa.gov',1),(285,269,1,'AKhazendar','e847be83945fa65e9acf2bf625d1950b','Khazendar','','',1),(286,270,1,'MKhazendar','e847be83945fa65e9acf2bf625d1950b','Khazendar','','',1),(287,271,1,'BKnapp','e847be83945fa65e9acf2bf625d1950b','Knapp','','',1),(288,272,1,'CKnapp','e847be83945fa65e9acf2bf625d1950b','Knapp','','',1),(289,273,1,'TKoelbl','f5b38fe8af8c0ecce6bf6016c68d2b41','Koelbl','','',1),(290,274,1,'TomKoelbl','e847be83945fa65e9acf2bf625d1950b','Koelbl','','',1),(291,275,1,'ckosan','e847be83945fa65e9acf2bf625d1950b','Kosan','','',1),(292,276,1,'kekosan','e847be83945fa65e9acf2bf625d1950b','Kosan','','',1),(293,277,1,'kkosan','e847be83945fa65e9acf2bf625d1950b','Kosan','','',1),(294,278,1,'AKovach','e847be83945fa65e9acf2bf625d1950b','Kovach','','',1),(295,279,1,'CKovach','e847be83945fa65e9acf2bf625d1950b','Kovach','','',1),(296,280,1,'MKovach','e847be83945fa65e9acf2bf625d1950b','Kovach','','',1),(297,281,1,'HLee','e847be83945fa65e9acf2bf625d1950b','Lee','','',1),(298,282,1,'JLee','e847be83945fa65e9acf2bf625d1950b','Lee','','',1),(299,283,1,'SLee','e847be83945fa65e9acf2bf625d1950b','Lee','','',1),(300,284,1,'SeLee','e847be83945fa65e9acf2bf625d1950b','Lee','','',1),(301,285,1,'elevy','e847be83945fa65e9acf2bf625d1950b','Levy','','',1),(302,286,1,'Xli','a050bae625006ae758e45979164a5791','Li','','',1),(303,287,1,'RoLindquist','e847be83945fa65e9acf2bf625d1950b','Lindquist','','',1),(304,288,1,'RLindquist','e847be83945fa65e9acf2bf625d1950b','Lindquist','','',1),(305,289,1,'glindsay','e847be83945fa65e9acf2bf625d1950b','Lindsay','','',1),(306,290,1,'llingerfelt','e847be83945fa65e9acf2bf625d1950b','Lingerfelt','','',1),(307,291,1,'tlinton','75b060dfbdb80a947e8847bc2de506b2','Linton','','toby.linton@gmail.com',1),(308,292,1,'ALittle','e847be83945fa65e9acf2bf625d1950b','Little','','',1),(309,293,1,'Dlittle','e847be83945fa65e9acf2bf625d1950b','Little','','',1),(310,294,1,'RLittle','e847be83945fa65e9acf2bf625d1950b','Little','','',1),(311,295,1,'GLong','e847be83945fa65e9acf2bf625d1950b','Long','','',1),(312,296,1,'CLoo','d914e3ecf6cc481114a3f534a5faf90b','Loo','','looc@uah.edu',1),(313,297,1,'blorge','286e100a0f8435c257af510a52bc473b','Lorge','','',1),(314,298,1,'jlynch','e847be83945fa65e9acf2bf625d1950b','Lynch','','',1),(315,299,1,'JMalcolm','e847be83945fa65e9acf2bf625d1950b','Malcolm','','',1),(317,301,1,'Lmanis','a3178a0f2081d2fedeb501b3e0960443','Manis','','lori.manis@nasa.gov',1),(318,302,1,'GMartin','e847be83945fa65e9acf2bf625d1950b','Martin','','',1),(319,303,1,'SMathewson','e847be83945fa65e9acf2bf625d1950b','Mathewson','','',1),(320,304,1,'Dmcfall','e847be83945fa65e9acf2bf625d1950b','McFall','','',1),(321,305,1,'SMcFarland','e847be83945fa65e9acf2bf625d1950b','McFarland','','',1),(322,306,1,'tmelick','e847be83945fa65e9acf2bf625d1950b','Melick','','',1),(323,307,1,'DMichal','5b466e6fe7562f3551eab43bbcfa95c2','Michal','','michal@knology.net',1),(324,308,1,'PMiller','e847be83945fa65e9acf2bf625d1950b','Miller','','',1),(325,309,1,'RMiller','e847be83945fa65e9acf2bf625d1950b','Miller','','',1),(326,310,1,'AModrall','e847be83945fa65e9acf2bf625d1950b','Modrall','','',1),(327,311,1,'kmok','e847be83945fa65e9acf2bf625d1950b','Mok','','',1),(328,312,1,'amonnet','e847be83945fa65e9acf2bf625d1950b','Monnet','','',1),(329,313,1,'rmonnet','13d9725b09972995def174c341234e41','Monnet','','',1),(330,314,1,'Amontoya','e847be83945fa65e9acf2bf625d1950b','Montoya','','',1),(331,315,1,'MMorgida','9f1aa0be1456d10c828818d08f1e6035','Morgida','','morgida@knology.net',1),(332,316,1,'JMorris','13f66e463e6ea6f05215d2aebc94bae1','Morris','','',1),(333,317,1,'JMortimer','13eb77c7abb5f0ba08a40b1b4c3b2aed','Mortimer','','JayMortimer@raytheon.com',1),(334,318,1,'bmortimer','e847be83945fa65e9acf2bf625d1950b','Mortimer','','',1),(335,319,1,'MMuhammad','ad12e40fcea6b2c36c330bf9c8483b39','Muhammad','','',1),(336,320,1,'EMuir','e847be83945fa65e9acf2bf625d1950b','Muir','','',1),(337,321,1,'RMuir','e847be83945fa65e9acf2bf625d1950b','Muir','','',1),(338,322,1,'MMurray','e847be83945fa65e9acf2bf625d1950b','Murphy','','',1),(339,323,1,'DMurray','e847be83945fa65e9acf2bf625d1950b','Murphy','','',1),(340,324,1,'CMurray','e847be83945fa65e9acf2bf625d1950b','Murray','','',1),(341,325,1,'MNelson','e847be83945fa65e9acf2bf625d1950b','Nelson','','',1),(342,326,1,'MNewchurch','6f5082361a4cae35d6e81198dbdeba95','Newchurch','','',1),(343,327,1,'JNosenco','e847be83945fa65e9acf2bf625d1950b','Nosenzo','','',1),(344,328,1,'FOlinger','e847be83945fa65e9acf2bf625d1950b','Olinger','','',1),(345,329,1,'kgorourke','e847be83945fa65e9acf2bf625d1950b','ORourke','','',1),(346,330,1,'morourke','e847be83945fa65e9acf2bf625d1950b','ORourke','','',1),(347,331,1,'jowens','e847be83945fa65e9acf2bf625d1950b','Owens','','',1),(348,332,1,'VPaulett','53593a4536cc235324af5c2ed72c82e1','Paulett','','vpaulett@aol.com',1),(351,335,1,'LPearce','e847be83945fa65e9acf2bf625d1950b','Pearce','','',1),(352,336,1,'MPeeler','e847be83945fa65e9acf2bf625d1950b','Peeler','','',1),(353,337,1,'sperez','e847be83945fa65e9acf2bf625d1950b','Perez','','',1),(354,338,1,'DPerry','ae355f3a56dca8f5f598cf7dfe5d6657','Perry','','',1),(355,339,1,'MPerry','e847be83945fa65e9acf2bf625d1950b','Perry','','',1),(356,340,1,'TPerry','f901a3a1d3b114c67ab566adf5d0d421','Perry','','',1),(357,341,1,'Jperry','e847be83945fa65e9acf2bf625d1950b','Perry','','',1),(358,342,1,'BPottratz','215caf08daa64171406e34cb1816ea74','Pottratz','','',1),(359,343,1,'Dpugh','9bcbdbc3d3a1beaa4a53bd4b4131d4a2','Pugh','','david.pugh@knology.net',1),(360,344,1,'Tushar_R','e847be83945fa65e9acf2bf625d1950b','Ramesh','','',1),(361,345,1,'sray','e847be83945fa65e9acf2bf625d1950b','Ray','','',1),(362,346,1,'JaReed','e847be83945fa65e9acf2bf625d1950b','Reed','','',1),(363,347,1,'JReed','e847be83945fa65e9acf2bf625d1950b','Reed','','',1),(364,348,1,'BReid','e847be83945fa65e9acf2bf625d1950b','Reid','','',1),(365,349,1,'TReid','e847be83945fa65e9acf2bf625d1950b','Reid','','',1),(366,350,1,'LRichert','e847be83945fa65e9acf2bf625d1950b','Richert','','',1),(367,351,1,'TRichert','e847be83945fa65e9acf2bf625d1950b','Richert','','',1),(368,352,1,'driggs','e847be83945fa65e9acf2bf625d1950b','Riggs','','',1),(369,353,1,'jroberts','e847be83945fa65e9acf2bf625d1950b','Roberts','','',1),(370,354,1,'jrobison','e847be83945fa65e9acf2bf625d1950b','Robison','','',1),(371,355,1,'ARodenberry','e847be83945fa65e9acf2bf625d1950b','Rodenberry','','',1),(372,356,1,'ERodenberry','e847be83945fa65e9acf2bf625d1950b','Rodenberry','','',1),(373,357,1,'mrodriguez','e847be83945fa65e9acf2bf625d1950b','Rodriguez','','',1),(374,358,1,'rrodriguez','c8ace1affa78b40b33fd7af7690227de','Rodriguez','','',1),(375,359,1,'rrolfsen','7f636b00cad00d5ec4c9431d88a89990','Rolfsen','','rrolfsen@knology.net',1),(378,362,1,'MRussell','e847be83945fa65e9acf2bf625d1950b','Russell','','',1),(379,363,1,'BRuta','e847be83945fa65e9acf2bf625d1950b','Ruta','','',1),(380,364,1,'bsalisbury','e847be83945fa65e9acf2bf625d1950b','Salisbury','','',1),(381,365,1,'SSamaras','99a640c48359e08e43b32cd378d7c056','Samaras','','',1),(382,366,1,'HSamios','e847be83945fa65e9acf2bf625d1950b','Samios','','',1),(383,367,1,'FSamios','e847be83945fa65e9acf2bf625d1950b','samios','','',1),(384,368,1,'RSanek','e847be83945fa65e9acf2bf625d1950b','Sanek','','',1),(385,369,1,'Gscherer','e847be83945fa65e9acf2bf625d1950b','Scherer','','',1),(386,370,1,'PSchmidt','e847be83945fa65e9acf2bf625d1950b','Schmidt','','',1),(387,371,1,'PScott','e847be83945fa65e9acf2bf625d1950b','Scott','','',1),(388,372,1,'WScott','e847be83945fa65e9acf2bf625d1950b','Scott','','',1),(389,373,1,'gogators','e847be83945fa65e9acf2bf625d1950b','sheffield','','',1),(390,374,1,'ASheil','e847be83945fa65e9acf2bf625d1950b','Sheil','','',1),(391,375,1,'TSheil','e847be83945fa65e9acf2bf625d1950b','Sheil','','',1),(392,376,1,'LeeShockley','e847be83945fa65e9acf2bf625d1950b','Shockley','','',1),(393,377,1,'sslater','6d695bf475aade555a3a68bec4c7dee3','Slater','','romeconquerer@yahoo.com',1),(394,378,1,'GSledge','0ff8a1d36a10447add7a2d6ce8823aaf','Sledge','','gssledge@knology.net',1),(395,379,1,'RSledge','0ff8a1d36a10447add7a2d6ce8823aaf','Sledge','','sledgehammer93@gmail.com',1),(396,380,1,'SSledge','e847be83945fa65e9acf2bf625d1950b','Sledge','','',1),(397,381,1,'SSloan','841b7ab86fa98f984c7a65858c72b372','Sloan','','',1),(398,382,1,'ChSmith','e847be83945fa65e9acf2bf625d1950b','Smith','','',1),(399,383,1,'MSowers','e847be83945fa65e9acf2bf625d1950b','Sowers','','',1),(400,384,1,'tsprinkle','e847be83945fa65e9acf2bf625d1950b','Sprinkle','','',1),(401,385,1,'hsprinkle','e847be83945fa65e9acf2bf625d1950b','Sprinkle','','',1),(402,386,1,'hsrikakolapu','e847be83945fa65e9acf2bf625d1950b','Srikakolapu','','',1),(403,387,1,'BSteely','0c0ba50b96c8c9325a8e31ac89a3b626','Steely','','Bill.steely@knology.net',1),(404,388,1,'estewart','e847be83945fa65e9acf2bf625d1950b','Stewart','','',1),(405,389,1,'dstjohn','e847be83945fa65e9acf2bf625d1950b','StJohn','','',1),(406,390,1,'estjohn','e847be83945fa65e9acf2bf625d1950b','StJohn','','',1),(407,391,1,'MStreeter','0acf4539a14b3aa27deeb4cbdf6e989f','Streeter','','egstreeter@knology.net',1),(408,392,1,'RStuart','e847be83945fa65e9acf2bf625d1950b','Stuart','','',1),(409,393,1,'ETate','e847be83945fa65e9acf2bf625d1950b','Tate','','',1),(410,394,1,'JTaylor','e847be83945fa65e9acf2bf625d1950b','Taylor','','',1),(411,395,1,'Dteague','e847be83945fa65e9acf2bf625d1950b','Teague','','',1),(412,396,1,'JThurston','e847be83945fa65e9acf2bf625d1950b','Thurston','','',1),(413,397,1,'cthurston','e847be83945fa65e9acf2bf625d1950b','Thurston','','',1),(414,398,1,'rtodd','e847be83945fa65e9acf2bf625d1950b','Todd','','',1),(415,399,1,'BTrappett','e847be83945fa65e9acf2bf625d1950b','Trappett','','',1),(416,400,1,'TTrulock','e847be83945fa65e9acf2bf625d1950b','Trulock','','',1),(418,402,1,'futbolguy','e847be83945fa65e9acf2bf625d1950b','Unger','','',1),(419,403,1,'TViegas','557eeffaa4739be8211907eed5cc5486','Viegas','','taviegas@bellsouth.net',1),(420,404,1,'Jevon','e847be83945fa65e9acf2bf625d1950b','vonJouanne','','',1),(421,405,1,'Jvon','3c44043bebe5fd3f642a29b0c0d1fa6b','vonJouanne','','',1),(422,406,1,'ewaddell','229979fce5174c17d4645bf8752dae1e','Waddell','','bounty_hunter21136@yahoo.com',1),(423,407,1,'kwaddell','e847be83945fa65e9acf2bf625d1950b','Waddell','','',1),(424,408,1,'KWade','e847be83945fa65e9acf2bf625d1950b','Wade','','',1),(425,409,1,'MWadley','e847be83945fa65e9acf2bf625d1950b','Wadley','','',1),(426,410,1,'NWadley','e847be83945fa65e9acf2bf625d1950b','Wadley','','',1),(427,411,1,'CWalker','e847be83945fa65e9acf2bf625d1950b','Walker','','',1),(428,412,1,'MWatts','15afe2b108edffbcbe54399bba6b76a5','Watts','','Kellyduffie@aol.com',1),(429,413,1,'TWatts','e847be83945fa65e9acf2bf625d1950b','Watts','','',1),(430,414,1,'RWhite','e847be83945fa65e9acf2bf625d1950b','White','','',1),(431,415,1,'JWillcox','e847be83945fa65e9acf2bf625d1950b','Willcox','','',1),(432,416,1,'BWorden','e847be83945fa65e9acf2bf625d1950b','Worden','','',1),(433,417,1,'sworley','6f5082361a4cae35d6e81198dbdeba95','Worley','','',1),(434,418,1,'CWright','b6e5917acf4dc22200d30920930e29d1','Wright','','',1),(435,419,1,'JWynja','e847be83945fa65e9acf2bf625d1950b','Wynja','','',1),(436,420,1,'KWynja','e847be83945fa65e9acf2bf625d1950b','Wynja','','',1),(437,421,1,'gzhang','e847be83945fa65e9acf2bf625d1950b','Zhang','','',1),(438,422,1,'MRosewell','c1b1bebbd933a6ec79d47850452f7d66','Rosewell','','markrosewell@gmail.com',1),(439,423,1,'jconques','fa21097b88ea4748c6e6f9df0461e085','Conquest','','jconques@hiwaay.net',1),(440,424,1,'tmalone','176a3d0dd74e42dfb6a36a652bd0c6b2','Malone','','tmalone@atiep.com',1),(441,425,1,'bayuga','e847be83945fa65e9acf2bf625d1950b','Bayuga','','',1),(442,428,1,'joethurston','38ce66861885678b0dce41f8420770b9','Thurston','','jthurston@knology.net',1),(443,429,1,'tylermelick','b61816e12596cc7d1190d255d201b66a','Melick','','jthurston@knology.net',1),(444,430,1,'christhurston','f2fbd591ece89256a5cb6db6b6d334d7','Thurston','','jthurston@knology.net',1),(445,431,1,'James Murata','e847be83945fa65e9acf2bf625d1950b','Murata','','ymurata@coilplus.com',1),(446,432,1,'Frank Dragna','5f4dcc3b5aa765d61d8327deb882cf99','Dragna','','frankdragna@aol.com',1),(447,433,1,'gubert','7e8b9e1db6141a41167b31d70701be29','Gubert','','gubert@knology.net',1),(448,434,1,'junger','468d8fab0717a74e8964d3a7874d66af','unger','','jeff.unger@knology.net',1),(449,435,1,'Dunger','e847be83945fa65e9acf2bf625d1950b','Unger','','daniel.unger@knology.net',1),(450,436,1,'ohatchett','5bb8cf67b0a0d2b5dd23a00bcf04d81c','Hatchett','','ohatchett@adt-it.com',1),(451,437,1,'MoisesRamirez','f8946190cb0af6277b74dd9029242b49','Ramirez','','moisesramirez@hotmail.com',1),(452,440,1,'George Knapp Jr','b481127369b2113a7d5b1bb84adbd256','Knapp','','Knapp008@aol.com',1),(453,444,1,'tom.eberle','905ea5c19bfad357d6b1166ad5163038','Eberle','','ebb105@mchsi.com',1),(454,446,1,'miller','e847be83945fa65e9acf2bf625d1950b','Miller','','',1),(455,447,1,'larteaga','3fda9b0b9e7bd55ed38ad0b3b3f07e16','larteaga','','larteaga@yahoo.com',1),(456,448,1,'dollarhide','e847be83945fa65e9acf2bf625d1950b','Dollarhide','','',1),(457,449,1,'David_Hurt','76f9f35baa26d3604f42191acf3fd50a','Hurt','','soccerchamp@newlifeoutlet.com',1),(458,450,1,'belisle','e847be83945fa65e9acf2bf625d1950b','Belisle','','',1),(459,451,1,'rodney.etzel','224b874825e320481939ab0c08c5e25a','Etzel','','rodney.etzel@ngc.com',1),(460,452,1,'seunghee','2ad733df56aaafa5650bafc9c98c6ffb','lee','','seunghee.lee-1@nasa.gov',1),(462,454,1,'sangman','2ad733df56aaafa5650bafc9c98c6ffb','lee','','sangman.lee-1@nasa.gov',1),(463,455,1,'hyungsup','2ad733df56aaafa5650bafc9c98c6ffb','lee','','sangman.lee-1@nasa.gov',1),(464,456,1,'Ju-Ju','908eefd21194924215692baa6ff459b0','Graham','','julie.graham@knology.net',1),(465,457,1,'GeneScherer','5e91d41b1a607fe7d62c120cf3a608a2','Scherer','','gene.d.scherer@knology.net',1),(466,458,1,'magers','1392e3bb88b05a0c346aa97258ee60f8','Magers','','magersw@cintas.com',1),(467,459,1,'shawn','16616347a7a5a764fe271009b247211a','lance','','shawny124@aol.com',1),(689,463,1,'gallaspy','e847be83945fa65e9acf2bf625d1950b','Gallaspy','','Jason.Gallaspy@dynetics.com',1),(690,466,1,'rlakin','1bff8ae65ea1614b005c87c91553334c','Lakin II','','tlakin@knology.net',1),(691,467,1,'caseyxnicole','efd2ab0d7de8ea244cb8431c72f92dc6','funderburk','','caseynf@hotmail.com',1),(693,469,1,'curtiswalker','22ad355a033944ddc4b19eb3cfe3fc46','Walker','','curtis.walker@L-3com.com',1),(696,473,1,'drjohnston','fdf4dc6e428688ab191df0a93f6aa043','Johnston','','johnston5@knology.net',1),(697,475,1,'biddlecombe','e847be83945fa65e9acf2bf625d1950b','Biddlecombe','','kdb_kb@bellsouth.net',1),(698,476,1,'patel','e847be83945fa65e9acf2bf625d1950b','Patel','','apatel_home@yahoo.com',1),(700,479,1,'tucker','e847be83945fa65e9acf2bf625d1950b','Tucker','','allentucker@knology.net',1),(701,480,1,'furno','e847be83945fa65e9acf2bf625d1950b','Furno','','mcfurno@knology.net',1),(702,481,1,'Van Scoy','e847be83945fa65e9acf2bf625d1950b','Van Scoy','','Jeffrey.VanScoy@yahoo.com',1),(703,482,1,'borja','e847be83945fa65e9acf2bf625d1950b','Borja','','rtborja3@yahoo.com',1),(704,483,1,'Rossetti','e847be83945fa65e9acf2bf625d1950b','Rossetti','','rossetti6@bellsouth.net',1),(705,486,1,'lin','e847be83945fa65e9acf2bf625d1950b','Lin','','bin.lin@intergraph.com',1),(706,487,1,'McCarthy','e847be83945fa65e9acf2bf625d1950b','McCarthy','','jmrider@aol.com',1),(707,488,1,'MarcJohnson','e847be83945fa65e9acf2bf625d1950b','Johnson','','marc.johnson@knology.net',1),(708,490,1,'hurt','e847be83945fa65e9acf2bf625d1950b','Hurt','','lauren@newlifeoutlet.com',1),(709,491,1,'worcester','e847be83945fa65e9acf2bf625d1950b','Worcester','','cworcester@knology.net',1),(710,492,1,'enfinger','e847be83945fa65e9acf2bf625d1950b','Enfinger','','enfinger@hiwaay.net',1),(711,493,1,'kshipman','c3528a12b90a9f6d5f9ab3f6ef41f451','Shipman','','shipman1@knology.net',1),(712,494,1,'joerob64','a716dc7676a2e29af7256fc619152945','Roberts','','joerob64@bellsouth.net',1),(713,495,1,'mzungu','e847be83945fa65e9acf2bf625d1950b','Albright','','doug.albright@adtran.com',1),(714,496,1,'stovall','e847be83945fa65e9acf2bf625d1950b','Stovall','','',1),(715,498,1,'Rebecca Harness','9b0ed180d1a8fa1ad24c42f2b76dced2','rharness','','rebecca.harness@gmail.com',1),(717,503,1,'drossetti','257f747afe07ac375711290a7797a0f1','Rossetti','','rossetti6@bellsouth.net',1),(718,504,1,'Soren','05531b19bb846b18c09f979eeb429ad3','Downs','','djdowns@knology.net',1),(719,505,1,'apettus','e847be83945fa65e9acf2bf625d1950b','Pettus','','mandalynns@gmail.com',1),(720,506,1,'jfarmer','e847be83945fa65e9acf2bf625d1950b','Farmer','','efarmer@knology.net',1),(721,507,1,'mjohnson','a666817473cc7ade45175a164f304e4e','Johnson','','marc.johnson@knology.net',1),(722,508,1,'alpettus','7b9fd1a5e5cdde54016b78b1925da40d','Pettus','','mandalynns@gmail.com',1),(723,509,1,'mjarrell','6f5082361a4cae35d6e81198dbdeba95','Jarrell','','hnt2@mchsi.com',1),(724,510,1,'gclong','5007c0d3082eeb291c15205420eb9885','Long','','gc_long@bellsouth.net',1),(725,511,1,'dirkcarson','bb4457323bfdba05ff3f7337a35c6304','Carson','','dcarson@benchmarkmed.com',1),(726,512,1,'mmurphy','e847be83945fa65e9acf2bf625d1950b','Murphy','','mmurphy@belzon.com',1),(727,513,1,'ptcrosbi','ec70f85f79d48b8fc4cee3730b8b58e0','Crosbie','','peter.crosbie@intergraph.com',1),(728,514,1,'randy169','1f5e0d907a33f98ec2a2806b44bd2c9f','Gant','','randy169ez@yahoo.com',1),(729,515,1,'wsteely','ed2b558aa4200b729b5329fe9c19a0a7','Steely','','bill.steely@knology.net',1),(730,516,1,'berryst','e847be83945fa65e9acf2bf625d1950b','Berry','','sberry@northgrumhsv.com',1),(731,517,1,'JMPitts','084bf25cb5d7ea954e13e264437daf1c','Pitts','','jason.m.pitts@netzero.net',1),(732,518,1,'randy169ez','1f5e0d907a33f98ec2a2806b44bd2c9f','Gant','','randy169ez@yahoo.com',1),(733,519,1,'kbiddlecombe','20ee80e63596799a1543bc9fd88d8878','Biddlecombe','','kdb_bmw@bellsouth.net',1),(734,520,1,'mikearmstrong','e847be83945fa65e9acf2bf625d1950b','armstrong','','mike.armstrong1@us.army.mil',1),(735,521,1,'peterscott','f3e52c300b822a8123e7ace55fe15c08','Scott','','ckandps@knology.net',1),(736,522,1,'morgidam','e1c3fb3f6e8ba2d6e88929a3164b073d','Morigda','','morgida@knology.net',1),(737,523,1,'GeneDScherer','0b3e4f050e5c7eed4f1ae8b2f6c38b52','Scherer','','gene.d.scherer@knology.net',1),(738,524,1,'rwelling','43a4b18c7bdff5384867dc840e90fbf4','ellington','','bob@cheekybrat.com',1),(739,525,1,'mjfurno','827ccb0eea8a706c4c34a16891f84e7b','Furno','','mcfurno@knology.net',1),(740,526,1,'folken','521da705e1778ff8cda80d2594f4019e','Folk','','folk@juno.com',1),(741,527,1,'philterri','d31b1b1407094e63088fbb800d77651d','Thompson','','philterri@hotmail.com',1),(742,528,1,'fthomas','c12d2dcc90f9c6d6f3eaff0e57bf5b7c','Fred Thomas','','fthomas@knology.net',1),(743,529,1,'Trip Richert','b6fbbf15dd12569fa9259cf281b28116','Richert','','notme@Knology.net',1),(744,530,1,'jose','0c0ba50b96c8c9325a8e31ac89a3b626','Steely','','bill.steely@knology.net',1),(745,531,1,'josehabla','0c0ba50b96c8c9325a8e31ac89a3b626','Steely','','bill.steely@knology.net',1),(746,532,1,'wgsteelyjr','0c0ba50b96c8c9325a8e31ac89a3b626','steely','','remedydudeinbama@yahoo.com',1),(747,533,1,'mtnview','0c0ba50b96c8c9325a8e31ac89a3b626','Steely Jr','','bill.steely@knology.net',1),(748,534,1,'Carterdrive','ce70ad17ddb86f8fd047ef79efa8f6bd','Conaway','','sportsmom1@knology.net',1),(749,535,1,'lynnboyd','b2bba461fd7f8c42e506d2a9e9e30976','Boyd','','boydl@uah.edu',1),(750,536,1,'rwrodriguez','92279a48d0cb02b4bfee2163950f04f1','Rodriguez','','rwrodrig@yahoo.com',1),(754,540,1,'Mitchell','e847be83945fa65e9acf2bf625d1950b','Mitchell','','mitchellrobynb@yahoo.com',1),(755,542,1,'gmcreynolds882','206938408c49cf88a1009528c8c96815','mcreynolds','','cplmac882@hotmail.com',1),(756,544,1,'soccerboy','b3b7eca0709c3c25e677677937e8f609','Cook','','jdpjcook@knology.net',1),(757,545,1,'David Hutchinson','a926f6903ca20f0088dbec9021ae6d9d','Hutchinson','','dhutchinson@knology.net',1),(758,546,1,'soccerboy1','b3b7eca0709c3c25e677677937e8f609','Cook','','jdpjcook@knology.net',1),(759,547,1,'davidbaddison','c0015e3663a4a8dbafa8537908af7561','waddell','','emanuel@writeme.com',1),(760,550,1,'joseph.stiene','506f329587ab7e6c3a6962a691c74bbd','stiene','','joseph.stiene@us.army.mil',1),(761,551,1,'TripRichert','d22cb2167fb352230fbdc40efea18f5e','Richert','','notme@knology.net',1),(762,552,1,'Susan','5ba01be8b30418d1094352ecd304b101','Rossetti','','rossetti6@bellsouth.net',1),(763,553,1,'Mike','1f6a5affa194a42fb5d956e39080ddaa','Whyte','','mike@camber.com',1),(764,554,1,'zslocumb','5c2b57d723f84365e5dc148546dda502','Slocumb','','zslocumb@knology.net',1),(765,555,1,'goofylogic98','b309325772f3392c287012a84bbf7774','Foust','','goofylogic98@gmail.com',1),(766,556,1,'bobbyjoe','ef6997fdb1551f51e878dad8c3b68cb6','Bradley','','bradley2023@bellsouth.net',1),(767,557,1,'busybee','fc26a25b41496f0d05eca5ded010218f','Dawn Faust','','busybee@knology.net',1),(768,558,1,'jfwhite1@bellsouth.net','68965ff043b4ea975fdfb53186422eda','White','','jfwhite1@bellsouth.net',1),(769,559,1,'Les Wilson','9b64d5ee2c6e23c864b99040e9e62976','Wilson','','lwilson1@hiwaay.net',1),(770,560,1,'coachjt','d574a4bda546e6973a76a43cd2a7ec96','Taylor','','jataylor320@knology.net',1),(771,561,1,'nicparadis','4f57184c9dc7d7ce7041a3bd3673897f','Paradis','','nicparadis@bellsouth.net',1),(772,562,1,'emilyb','6b1628b016dff46e6fa35684be6acc96','Baker','','embake@knology.net',1),(773,563,1,'nanette','e944113bec064fefb06307ad612531e5','Atras','','nanettemelinz@yahoo.com',1),(774,564,1,'kjvicto','de9ed540c10858c46a9c94b5b2f1c823','Victoria','','kjvicto79@hotmail.com',1),(775,565,1,'davidpratt','6d888f5a0c2ab747188d6a8158f3011e','Pratt','','davidpratt@knology.net',1),(776,566,1,'leswilson','9bec24729037ff15e7efc1b3c88559b2','Wilson','','lwilson1@hiwaay.net',1),(777,567,1,'stacey063','e9fa9a24c4e2d29d713df23e46860fb1','Lovelock','','staceylovelock@yahoo.com',1),(778,568,1,'erikrodenberry','2ff4660c16ce9a6ce5d9e8a875d7a5ef','Rodenberry','','erikrodenberry@ascendmaterials.com',1),(780,571,1,'g burns','5be68a10b59790234ffe22e25c2de353','burns','','burnsgb@knology.net',1),(781,572,1,'tpayne','9d8ce4a7cee6c5439b23b1268d9d304e','Payne','','thepaynes110@bellsouth.net',1),(782,573,1,'atkinsgc','ef6e65efc188e7dffd7335b646a85a21','Atkins','','atkinsgc@yahoo.com',1),(783,574,1,'Jennifer Perritt','96386687f5e36e101008fca083a783a9','Perritt','','jenniferperritt@gmail.com',1),(784,575,1,'rkutche','81291a3586392e10557f1ed9f0104f1e','Kutche','','rmkutche@msn.com',1),(785,576,1,'markmcc','fb70c7f8ed971a71298e922fd43c195c','Mucci','','mark.mcc@comcast.net',1),(786,577,1,'batesll','83faee6ee6e0eeda1ab1adbf51075457','Bates','','Lewie.L.Bates@nasa.gov',1),(787,578,1,'jmoorePSI','06148e6c14b555a15dcbfb7984057561','Moore','','JMoore@PSIsimulation.com',1),(788,579,1,'AFord','ef07650797d39080514eb3ed2d4924fb','Ford','','atlief@gmail.com',1),(789,580,1,'CPALM','679f660cdb8de6480def47a6bc0adbe6','Palm','','rene.palm@avocent.com',1),(790,581,1,'nclark','c67a0ebdf4b4d6b368ee369e6d3cf65e','clark','','nsync@bellsouth.net',1),(791,584,1,'shayshay','d8eee95b05c129d2e70a24ed2959647c','Appling','','jappling@knology.net',1),(792,585,1,'joe thurston','38ce66861885678b0dce41f8420770b9','Thurston','','jthurston@knology.net',1),(793,587,1,'shayapp','d8eee95b05c129d2e70a24ed2959647c','appling','','jappling@knology.net',1),(794,588,1,'austinrodenberry','229979fce5174c17d4645bf8752dae1e','Rodenberry','','houndstooth13@knology.net',1),(795,591,1,'BElder','2d0626b51d4beaedb526677aea961818','Elder','','kimelder@hotmail.com',1),(796,592,1,'iyada01','e847be83945fa65e9acf2bf625d1950b','Conroy','','iyada@iyada.com',1),(797,593,1,'aloo','e847be83945fa65e9acf2bf625d1950b','Loo','','looc@uah.edu',1),(798,595,1,'soccergirl','2d4355a3595bb5ed011036821041b680','Cook','','soccergirl@knology.net',1),(799,596,1,'mlthomason','0e3fb458ae8f25a3c420bcfb5f6609b3','Thomason','','mlthomason@mchsi.com',1),(800,597,1,'camillef','38882710d7bf85b5eaefc9251bc17e39','Forte','','camillef@bellsouth.net',1),(801,598,1,'jkoelbl','e847be83945fa65e9acf2bf625d1950b','Koelbl','','koelbl5@knology.net',1),(802,599,1,'joeykoelbl','e847be83945fa65e9acf2bf625d1950b','Koelbl','','koelbl5@knology.net',1),(803,602,1,'Samuel','da443a0ad979d5530df38ca1a74e4f80','Raaflaub','','nancy.raaflaub@knology.net',1),(804,603,1,'rvcassell','3ed0aa91a8554c00a2060ec970f5c582','Cassell','','rcassell2@knology.net',1),(806,605,1,'stanbery','3858f62230ac3c915f300c664312c63f','Stanbery','','ref@larrware.com',1),(807,606,1,'hwp110','77d605a5116daab280bd5dc2797203f4','Payne','','hwp110@bellsouth.net',1),(808,607,1,'LDaniel498','57871d009589cb26639c71feb66ed360','Daniel','','Leslie.A.Daniel@mdnt.com',1),(809,608,1,'KKrome','e847be83945fa65e9acf2bf625d1950b','Krome','','kimkrome@hiwaay.net',1),(810,609,1,'ortegsa','56fafa8964024efa410773781a5f9e93','Ortega','','ortega.sam@gmail.com',1),(811,610,1,'Jose Forerodriguez','0ee82cdbd9dec44501d948d7a27bff4c','Forero','','reddyrunner@yahoo.com',1),(812,611,1,'HallLivingston@aol.com','b3e36c548cb8ee25971ae534ed15a6de','Livingston','','HallLivingston@aol.com',1),(813,613,1,'draperml','14947155342d92dc8f46a4510801569b','Draper','','19draper63@gmail.com',1),(814,614,1,'brittany.walsh','4abb837d26fa61ba71ea51f78d5bd30b','Walsh','','kbwalsh@knology.net',1),(815,615,1,'david.pugh','9bcbdbc3d3a1beaa4a53bd4b4131d4a2','Pugh','','david.pugh@knology.net',1),(816,616,1,'jenbach','d914e3ecf6cc481114a3f534a5faf90b','Bachman','','jbachman@sewanee.edu',1),(817,617,1,'jimgr921','861836f13e3d627dfa375bdb8389214e','Green','','jimgr921@yahoo.com',1),(818,618,1,'cjrowe','6ad6a867b116eb9026fd72b03a9a6ddb','rowe','','cjrowe20@msn.com',1),(819,623,1,'TOMRN2','cec25257e612af4e8b112e0d23bc771f','Thomas Sommerkamp','','tomrn2@aol.com',1),(820,624,1,'snowball','e847be83945fa65e9acf2bf625d1950b','White','','rewhite64@hotmail.com',1),(821,626,1,'emanuel@writeme.com','24eb05d18318ac2db8b2b959315d10f2','Waddell','','emanuel@writeme.com',1),(822,629,1,'matthewchan628','e847be83945fa65e9acf2bf625d1950b','Chan','','matthewchan303@yahoo.com',1),(823,630,1,'Ashlund','5ed27e38cd85347f674310b5ae69e154','Nicholas','','monkey8961@yahoo.com',1),(824,631,1,'bob.ellington','43a4b18c7bdff5384867dc840e90fbf4','Ellington','','bob@cheekybrat.com',1),(825,632,1,'matthewchan','d0763edaa9d9bd2a9516280e9044d885','matthewchan','','',1),(826,633,1,'slgrubbs','f14683b59bf42e296b7c7ae0d92a9cf0','Grubbs','','shannon.grubbs@att.net',1),(827,636,1,'bcwalsh','79e04dcd344d803f93a32ff1bca70052','Walsh','','kbwalsh@knology.net',1),(828,637,1,'Mary McManus','e847be83945fa65e9acf2bf625d1950b','McManus','','jmmcmanus@bellsouth.net',1),(829,638,1,'Susan Rossetti','7d76146d9f674b746c956c0bcf7a0090','Rossetti','','rossetti6@bellsouth.net',1),(830,639,1,'joehutton','76fecaab54ba086590f6d4e92226845f','hutton','','joehutton@mchsi.com',1),(831,640,1,'goins','ffd2388860c66ae9ed643d5a4942767a','Goins','','goins@ieee.org',1),(832,641,1,'Scotty','1e129509dba42dfe640558cd9f5750ef','Moore','','jscottm@mchsi.com',1),(833,645,1,'Eric Folk','521da705e1778ff8cda80d2594f4019e','Folk','','folk@juno.com',1),(835,649,1,'kenadams','2bce590e59aa66c788ed82b1b1c8c1c7','Adams','','kgolf@mchsi.com',1),(836,654,1,'garydoran','326af7a5f6481f0fa51345121aeda8e5','Doran','','garydoran@bellsouth.net',1),(837,655,1,'steelap','31a3c9f86edb72c8a5e9e7a8e133c2e7','Steel','','alexander.steel@us.army.mil',1),(838,656,1,'aschekm','25f3475bad1f6f41afdcf32bb8a58392','Aschenbrenner','','kmaschenbrenner@knology.net',1),(839,657,1,'mi3grls','9130b58a525b4ad11e6d9967c30dd912','Uhl','','mi3grls@gmail.com',1),(840,659,1,'LROD','4d4da3a6f862c1b620980a89e3a6c559','Rodriguez','','Rrd13r@aol.com',1),(841,662,1,'fdragna','5c1be1cc479d7bd224548b4ce08c8ea6','Dragna','','frankdragna@aol.ocm',1),(842,663,1,'adollar','c12d2dcc90f9c6d6f3eaff0e57bf5b7c','Dollarhide','','adollar4@gmail.com',1),(843,664,1,'stingray6_08','1e6007258697be471d3c6fb99ff308f8','Daniels','','lee_daniels@earthink.net',1),(844,665,1,'mjgravel','e0845e4e6ffaa1bd45b45e402980d740','Gravel','','Michael.Gravel@Intergraph.com',1),(845,666,1,'sallas','c12d2dcc90f9c6d6f3eaff0e57bf5b7c','Sallas','','jsallas@hiwaay.net',1),(846,667,1,'breed24','53dd9c6005f3cdfc5a69c5c07388016d','Reed','','bennyreed2424@yahoo.com',1),(847,668,1,'volscountrygirl','b4bfcf58de9bda30089e1578391fc39d','King','','volscountrygirl@yahoo.com',1),(848,671,1,'drofplay2','304b9aa385565fe6c1a4291baa322c0f','Byrom','','r.byrom@mchsi.com',1),(849,673,1,'ksf','895ac9411d8c6d919499b38aa3e3f5e0','Farlow','','karen.farlow@knology.net',1),(850,674,1,'David Owens','8b6e9c65fdd6ef16caa36b1b161b5811','Owens','','daveowens@knology.net',1),(851,675,1,'booheea','54bd05568f5307e72e96392eaa0e766d','Booher','','theboohers@bellsouth.com',1),(852,676,1,'Alexander Black','d6b1e1b995b12c9859778cbf85dc4ba0','Black','','amablack@knology.net',1),(853,677,1,'sehicks','b60adcdeba4f1520f76f1020d2abf906','Hicks','','hicksse@gmail.com',1),(855,679,1,'dneal','501a60a2b28ba8e6a95ce30c11877fda','Neal','','dchaneal@knology.net',1),(856,680,1,'Knapp','d7af994f1f1ef8b5e3beb9f7fb139f57','knapp','','sam_knapp93@yahoo.com',1),(857,682,1,'baerlin','091fb54d0eca4c7bb21d378fcd943d70','Baerlin','','mike.baerlin@adtran.com',1),(858,683,1,'danebagley','5e80c864d36b62822ac577f8ea195f36','Bagley','','perfectoptical@knology.net',1),(859,685,1,'willcox','753c443dd1b5dd6bb9ee90d3c79dbfe7','Willcox','','jwillcox@knology.net',1),(860,686,1,'AHatch','15f844b872884a98cbe5e0a7f021de87','Hatch','','angela.hatch@us.army.mil',1),(861,688,1,'holly6allen','e6ebf8f409919a224cd899cf4cd40bb8','Allen','','hollycm105@aol.com',1),(862,689,1,'taperry','bd156961a0b645ba0c0aefdaaf346e9b','Perry','','perrytbne@aol.com',1),(863,690,1,'wareagle','0b9f8f206e1bcb585baa7914f0786ec8','Conaway','','sportsmom1@knology.net',1),(864,691,1,'mortimer','5fd6a7ea8c47a1bd292cc17e464c3267','mortimer','','kkbem@aol.com',1),(865,692,1,'futbolforlife2991','95fe6d7891463b482ca341729b806f27','Mortimer','','mortimer.kyle@yahoo.com',1),(866,693,1,'sstanislaw','5ede3f131472baabd5cecf97c22377ff','Stanislaw','','sstanislaw@knology.net',1),(867,694,1,'Kim Krome','e847be83945fa65e9acf2bf625d1950b','KKrome','','kimkrome@hiwaay.net',1),(868,697,1,'dcollier','99bd57a5b726488e43ab91f14827d0d2','Collier','','walter.e.collier@saic.com',1),(869,698,1,'katbsd','d350870219fb4a2138daa607fb2e8bba','Dennison','','katbsd2@knology.net',1),(870,699,1,'BCardwell','e9c1c18b0081248c2c2b2dcc8ec1138d','Cardwell','','cardwell@knology.net',1),(871,702,1,'kate3','ef6997fdb1551f51e878dad8c3b68cb6','Bradley','','bradley2023@bellsouth.net',1),(872,703,1,'dcbyers@gmail.com','dc3f39a15ff2c6b5d33cc1e2e4751a1d','Byers','','dcbyers@gmail.com',1),(873,704,1,'collierd','19b904d9ebb639d2591c3e4a9c8ad5d5','Collier','','walter.e.collier@saic.com',1),(874,705,1,'markfinke','9663142c0d369ff669a3a95ac2a00e3a','Finke','','mark.finke@ge.com',1),(875,706,1,'markafinke','9663142c0d369ff669a3a95ac2a00e3a','Finke','','mark.finke@ge.com',1),(876,707,1,'Dennis.Abreo','f984ddc4fe9bb15f5d484bf50db0828c','Abreo','','Dennis.Abreo@bentley.com',1),(877,708,1,'Mark Swafford','124c80a34e7fddf8b6a1112526f6f1a2','Swafford','','mswafford@wellsandtate.com',1),(878,709,1,'Bobby Lehman','54265041d78538b2037e6746f74c60b7','Lehman','','bobbylehman@knology.net',1),(879,712,1,'thrawn@mchsi.com','fdab1c2eb8f76bfaa22aed15a06b8515','steely','','thrawn@mchsi.com',1),(880,713,1,'svenja_ritter@msn.com','1688130c68eca932ad203c7f1c61ab5e','Ritter','','svenja_ritter@msn.com',1),(881,714,1,'monkey8961','5ed27e38cd85347f674310b5ae69e154','Nicholas','','monkey8961@yahoo.com',1),(882,1192,1,'gary.doran','326af7a5f6481f0fa51345121aeda8e5','Doran','','garydoran@bellsouth.net',1),(883,719,1,'kgolf@mchsi.com','2bce590e59aa66c788ed82b1b1c8c1c7','Adams','','kgolf@mchsi.com',1),(884,720,1,'omcecil','5858073ad85fbb1a9eac8c530451ee07','Cecil','','altosaxman26@aol.com',1),(886,1013,1,'jmeehan','0cb50059bf4cf992892498fc42d3bbdf','Meehan','','meehanj@bellsouth.net',1),(887,723,1,'knappcl','c895d14a9fddb57819642f63cf13eac4','knapp','','charles.knapp@mda.mil',1),(888,724,1,'Jose rorero','e847be83945fa65e9acf2bf625d1950b','Forero','','reddyrunner@yahoo.com',1),(889,726,1,'kevmortimer','656c46ab286d40fa4443882cb7245be6','Mortimer','','kevmaster3191@aol.com',1),(890,728,1,'ctneal','09f8316e29649a7f795f414ba3860fc0','Neal','','dchaneal@knology.net',1),(891,729,1,'WSommerkamp','ac60437aed54675d3c6b6844adb30b99','Sommerkamp','','tomrn256@gmail.com',1),(892,732,1,'englands','c12d2dcc90f9c6d6f3eaff0e57bf5b7c','England','','cengland@rocktenn.com',1),(893,734,1,'CLang','64043a03c5e2ee204201665c4dae7f8e','Lang','','chip.lang@knology.net',1),(894,735,1,'ahern','c12d2dcc90f9c6d6f3eaff0e57bf5b7c','bacahern','','bacahern@aol.com',1),(895,736,1,'timholt@charter.net','95c749ae2b4f01be9b60b126396fadd4','Holt','','timholt@charter.net',1),(896,737,1,'Jimmy dunning','8e73b27568cb3be29e2da74d42eab6dd','Dunning','','littleevilde@aol.com',1),(897,738,1,'jdcousart','6104df369888589d6dbea304b59a32d4','Cousart','','jdcousart@hotmail.com',1),(898,739,1,'vatsalbpatel','37b4e2d82900d5e94b8da524fbeb33c0','Patel','','vatsalbp_1992@yahoo.com',1),(899,740,1,'smiths','83e38d685d04ebf69395c30c8598a500','Smith','','sdcasmith@yahoo.com',1),(900,741,1,'elizabeth','ed17b0c745eaf57f416de7413411072e','elizabeth meacham','','elizabeth_meacham@yahoo.com',1),(901,743,1,'hwilliams','a097c59203ccfaafd4ba95a08d783871','Williams','','hwilliams@nektar.com',1),(902,744,1,'tzlady','ed17b0c745eaf57f416de7413411072e','meacham','','elizabeth_meacham@yahoo.com',1),(903,746,1,'lyoung','c832bbb39f5131489d1d11a625a8fc23','Young','','lyoung2008@att.net',1),(904,747,1,'CJRosewell','b811043446889b78e5676e91145bdf51','Rosewell','','christian.rosewell@us.army.mil',1),(905,748,1,'HTopp','47e2829a60bc7f52050f83353bcab1ac','Topp','','',1),(906,750,1,'fagg','78db62a273dc083f5f86f5cbf5e6f1c8','Fagg','','commoper@hotmail.com',1),(907,751,1,'terrymeacham','09dab0abcd95112ef50675d4bba25701','meacham','','terry_meacham@yahoo.com',1),(908,752,1,'uahgames','361ea0bfc71f66601cbfe71ea8e32f6b','Utlapalli','','autlapalli@yahoo.com',1),(909,754,1,'zasoccer2008','c1547e6ca2ae169d6c5e5f785dc72ce5','Stovall','','zmtcn06@mchsi.com',1),(910,755,1,'laeupple66','22a5a904fb6e6b951535d20eec8dfff2','laeupple','','klaeupple@knology.net',1),(911,756,1,'swansons','c12d2dcc90f9c6d6f3eaff0e57bf5b7c','Swanson','','swanson.mark@mchsi.com',1),(912,758,1,'gardiner','c12d2dcc90f9c6d6f3eaff0e57bf5b7c','Gardiner','','gomerscsu88@msn.com',1),(913,759,1,'cnthomason','49247f247680c5ae746d2675ef140d29','Thomason','','soccergirlcasey@mchsi.com',1),(914,760,1,'tlhardy','f2e9ac055b8bb17a8193145bef5ea040','Hardy','','hardytnt@yahoo.com',1),(915,761,1,'dodds','c12d2dcc90f9c6d6f3eaff0e57bf5b7c','Dodd','','dodd@arilion.com',1),(916,762,1,'wards','df806a89758910d28cd5e1c061991dba','Ward','','sward@amtec-corp.com',1),(917,763,1,'meyers','c12d2dcc90f9c6d6f3eaff0e57bf5b7c','Meyer','','jandsmeyer@bellsouth.net',1),(918,765,1,'tparusa','5ca1750ff98c04ffc36336b5b95b3783','Parker','','tparusa@bellsouth.net',1),(919,766,1,'jelliott','c12d2dcc90f9c6d6f3eaff0e57bf5b7c','Elliott','','jkellio2@ingr.com',1),(920,767,1,'arteagas','c12d2dcc90f9c6d6f3eaff0e57bf5b7c','Arteaga','','ajarteaga@yahoo.com',1),(921,769,1,'bwillis','c12d2dcc90f9c6d6f3eaff0e57bf5b7c','Willis','','ben.m.willis@gmail.com',1),(922,770,1,'Tatjana Acker','0aa65a2c7b5a8f565abb00539fd484cc','Acker','','copela_m@bellsouth.net',1),(923,773,1,'gormleyt','dade3e9fa15d8fd3d21049d53c07f67b','Gormley','','ttgormley@yahoo.com',1),(924,776,1,'CSmith','eec178ea7f47ea252df7ea36aa654364','Smith','','',1),(925,779,1,'kksoccer','eb4abe19fbd02db5c9f1097a621d2ab7','Farmer','','efarmer@knology.net',1),(926,780,1,'EthanD','05531b19bb846b18c09f979eeb429ad3','Downs','','gldowns@knology.net',1),(927,781,1,'Byrd4ever','164374d983d5e4dcd79d4e514acd2613','Byrd','','Byrds@knology.net',1),(928,782,1,'swanson','26f6f975b24b5b2a766983198fce4f62','Swanson','','swanson.mark@mchsi.com',1),(929,787,1,'Dean Johnson','3b75a6a011009a6ed715ff500dba5770','Johnson','','deanjohnson@knology.net',1),(930,788,1,'leorod','b1a285d09a217e906ccbca75f3c086a9','Rodriguez','','leo.rodriguez@us.army.mil',1),(931,789,1,'Samamc','942909825a0b27d4bd1d2915aaafba0d','McNeely','','Samamc@aol.com',1),(932,792,1,'jjay','fe52573495b55b5978e632d4a09fb534','jay','','James_jay@countrywide.com',1),(933,793,1,'catbaughn','e1cf4a4cafd13d9d15c4ddcf1dd67026','Baughn','','dbaughn@knology.net',1),(934,794,1,'mrswood2003','d2ad73012cd4ab61094b53a71eb29737','Wood','','mrswoodsworld@aol.com',1),(935,795,1,'MPatel','bacdc48c5f1cf3aaf8eb05b6064c5ea4','Patel','','',1),(936,796,1,'HPatel','914250cc789c8264be71e65091683ae0','Patel','','',1),(937,797,1,'DPatel','db931b1ec323f25e585af247ea086086','Patel','','dap0006@uah.edu',1),(938,800,1,'BTatum','1cd535bde516807ef7d280435457a3c1','Tatum','','',1),(940,802,1,'petero','1ddad15b2f808f4f2bc402698cc74055','Ostensoe','','peter.ostensoe@ngc.com',1),(941,805,1,'RobertJones','6f5082361a4cae35d6e81198dbdeba95','Jones','','candybar3@juno.com',1),(942,806,1,'benefpa','554b3258021e874d1518af371ff7be66','Benefield','','benefield@knology.net',1),(943,807,1,'jrhawkins','c64db9987ce9e373c0c0d88cd67b0ef3','Hawkins','','jrhawkins@knology.net',1),(946,810,1,'topph','3d968097b4bee95e7298ca4feff9c3ae','Topp','','helen.topp@basf.com',1),(947,813,1,'mcgov','e2ea312c6c0c186d4cc19a3c51db7e8e','McGovern','','martin@mcgovern6.com',1),(948,814,1,'Malinda','b3b7eca0709c3c25e677677937e8f609','Collum','','jacollum@aol.com',1),(950,819,1,'mkolesar','3a9cc7a1ee622b306a4214cfbb530de4','Kolesar','','mark.kolesar@us.army.mil',1),(951,820,1,'JSchwartz','4a6ecaeefacbef85a836ea646b375333','Schwartz','','anschwartz@knology.net',1),(952,821,1,'sam k','d7af994f1f1ef8b5e3beb9f7fb139f57','knapp','','sam_knapp93@yahoo.com',1),(953,822,1,'sknapp','6f5082361a4cae35d6e81198dbdeba95','knapp','','sam_knapp93@yahoo.com',1),(954,823,1,'remiller4','04c7b2f96b082e5f186ba95d05815489','Miller','','randymiller@knology.net',1),(955,824,1,'Ken Jackson','3359d710bca722b02991b641abde00a0','Jackson','','kenneth.a.jackson@baesystems.com',1),(956,826,1,'rplammbo','81936b837b6daf820d08c5d117f7828f','Lamm','','rplammbo@yahoo.com',1),(957,827,1,'retzel','ef38a48b3bf7031170bdd0801ab275ed','Etzel','','rodney.etzel@knology.net',1),(958,828,1,'LCowell','da443a0ad979d5530df38ca1a74e4f80','Cowell','','',1),(959,830,1,'RHarness','9b0ed180d1a8fa1ad24c42f2b76dced2','Harness','','Rebecca.Harness@dynetics.com',1),(960,831,1,'amandalynnpettus','5aa754d580c744f95dafeddb63b01e4a','Pettus','','mandalin18@yahoo.com',1),(961,834,1,'thomas','c12d2dcc90f9c6d6f3eaff0e57bf5b7c','Thomas','','fredmthomas@gmail.com',1),(962,835,1,'Dhutch278','5b892288e3cac139add2e542bebd2f38','Hutchinson','','dhutchinson@knology.net',1),(963,836,1,'Greg Weber','d847441cdfc58aeea4caa51594289a64','Weber','','gregaweber@hotmail.com',1),(965,839,1,'amoorex','85307d40a2b68824bc394fc216f1a0e1','Moore','','',1),(966,841,1,'ddodd','85307d40a2b68824bc394fc216f1a0e1','Dodd','','',1),(967,842,1,'toddowen','49931d918767269e3d5a8cfec21f86d5','Owen','','toddcowen@gmail.com',1),(968,843,1,'JMcAlisterFee','7fe08b4dafae6ca3696baec0a4f157c6','Fee','','candjfee@knology.net',1),(969,844,1,'zoquo','62fb448926cfbf2e436ad6de1bb029b1','White','','AndrewWhiteCPA@gmail.com',1),(970,846,1,'john','42eebe10bb1f71f820f5a0d3991b68ad','Jordan','','john.jordan@bxs.com',1),(971,847,1,'jager','c1a23116461d5856f98ee072ea319bc9','Jager','','thejagers@knology.net',1),(972,848,1,'mjmbdavis','63188b0436e754a4d9a1d89dfc978209','Davis','','matt.davis3@comcast.net',1),(973,850,1,'discmon','4674a313afc207e83a113ae697c20ab8','Woodsinger','','kevin.woodsinger@us.army.mil',1),(974,852,1,'reedball','c8336506ebc1cfcb4f4ecf5eafeecce0','Reed','','darrenreed@bellsouth.net',1),(975,853,1,'jsthomp','716ca6e9b73491bcaa2638925702586c','Thompson','','jsthomp@hiwaay.net',1),(976,854,1,'ebruton','8019cf1bde9fb4cf4c7570f049f10d8b','Bruton','','brutonbunch@knology.net',1),(977,855,1,'mcaneer','defa50a7babc2b727c44fe4e03905bf4','Caneer','','mcaneer@knology.net',1),(978,856,1,'reedball3','c8336506ebc1cfcb4f4ecf5eafeecce0','Reed','','darrenreed@bellsouth.net',1),(979,857,1,'blagasse','f1e7de93915fd5a9c895ff246f5e948d','Lagasse','','blagasse@yahoo.com',1),(980,860,1,'Hightower Family','293563ed8814782bb19760436f3e4992','Hightower','','kathyhightower@peoplepc.com',1),(981,861,1,'padams9','a4e8e4b37a378fb9dd410d7901897c57','Adams','','theadams@bellsouth.net',1),(982,862,1,'mmaness','3bf1114a986ba87ed28fc1b5884fc2f8','maness','','maness@knology.net',1),(983,863,1,'coachholder','a8e913e69196053b2388721f7183fd5f','Holder','','coachholder@gmail.com',1),(984,864,1,'athislop','6c88a13eb57ffaeb5b382a7f03802dca','Hislop','','athislop@gmail.com',1),(985,865,1,'ascamp','1c45b9a2912ddd8af6e956bb30483dd7','Allen Campbell','','ascamp@yahoo.com',1),(986,866,1,'flukertd','c07c892df4969456abe7f7b717737e5a','Fluker','','flukert@hotmail.com',1),(987,867,1,'chris hanks','af505dba1b1a328b271f130059c94add','hanks','','chris.hanks@tbe.com',1),(988,868,1,'damadk','51be04b11c5f2f5ad96a396632dc3f76','garding','','damadk@comcast.net',1),(989,869,1,'alanv','208b58ab3d52ea1642e1ab1c8be378f5','Villanueva','','alan_carmen@msn.com',1),(990,871,1,'CoachSkinner','ec134605002cd8f608db76b43a4585bb','Skinner','','coachskinner160@gmail.com',1),(991,873,1,'Williams8280','98288759d460cb6897cb27f98e07c40c','Williams','','etv-Williams8280@damailbox.com',1),(992,874,1,'jmfblazer','77c32dd917eb283153009b2a670c95e4','Farmer','','jmfblazer@yahoo.com',1),(993,875,1,'referee','f2fa8362b4e13c3ed942602edd80fd3b','Batt','','sgplatty@yahoo.com',1),(994,876,1,'m. watts','15afe2b108edffbcbe54399bba6b76a5','watts','','kellyduffie@aol.com',1),(995,877,1,'Tom Keene','f4cfff97e78e0503b17f82d97702edab','Keene','','tomkeene@hiwaay.net',1),(996,878,1,'Flatrock','b1d095b141758c7e75d4531a921bbdb9','Brown','','kbrown1803@yahoo.com',1),(997,879,1,'wachskj','e416401ab016869339d87bd3ca8990d0','Wachs','','wachsj1@bellsouth.net',1),(998,881,1,'soccerseth','a164b067c8846c851b1a08b8446250e9','Hauenstein','','kelree@juno.com',1),(999,882,1,'PSapp09','40c5563ead0d962ea8535123aca40b9a','Sapp','','psapp06@bellsouth.net',1),(1000,884,1,'farmergirl','db29644edc09b5e71e317c5b602c99e7','Farmer','','rc@ayso160.org',1),(1001,885,1,'CErickson','84066e5d4f7e03c56da3c36d29ebbb09','Erickson','','bigdogand4@bellsouth.net',1),(1002,890,1,'padams','a4e8e4b37a378fb9dd410d7901897c57','Adams','','theadams@bellsouth.net',1),(1003,892,1,'mooreal','65804ae1c670315c2c37ea2ce23ddc72','Moore','','moore_316@bellsouth.net',1),(1005,895,1,'gcantley','2fb6e673195d0aa9a5e51175161459ca','Cantley','','gcantley@comcast.net',1),(1007,897,1,'athislop2','540774cf219b6b6af86ec9f3ced5c21c','Hislop','','athislop@gmail.com',1),(1008,898,1,'Kelley Johns','d0763edaa9d9bd2a9516280e9044d885','Johns','','kelleyvj@me.com',1),(1009,899,1,'mavericks1','ca9de1e685051998dbe11c1bffafee38','Lloyd','','llloyd@knology.net',1),(1010,900,1,'Loyd','419104e7b77868bb7c81ab9ac2ddd6e2','Doering','','loydclaired@bellaouth.net',1),(1011,901,1,'scottp','d94a358adbf5551b79b3773b781afc38','Patterson','','scott.patterson@dynetics.com',1),(1012,902,1,'scottpatterson','0dae4a923e4ae71d0a8960c6f89c3c18','Patterson','','scott.patterson@dynetics.com',1),(1013,903,1,'Stargate30','4edbc447ef121c4682b77a4e1261dec5','Wheeler','','kawheeler@knology.net',1),(1014,904,1,'dsligh','d8314514ccc7256eb55e020d1afde605','Sligh','','dave.sligh@gmail.com',1),(1015,906,1,'JoshuaHawkins','96fcb0e8e3b492a89083542053728d99','Hawkins','','josh.hawkins@knology.net',1),(1016,908,1,'sbelhadj','9030f815cb94a4c8debe0e189831c69a','BELHADJ','','rtoss1@yahoo.com',1),(1017,912,1,'katrinamorgan','c5350aac5d5b4c547f388bb939496788','Morgan','','katrina.morgan@gmail.com',1),(1019,914,1,'JDaniel','f9cb783635681c84833fee0c4b98de0d','Daniel','','rokc4real@yahoo.com',1),(1020,915,1,'jeziorsf','7a2bee8b4a25043c7835da7bf38457b0','Jeziorski','','scott.f.jeziorski@saint-gobain.com',1),(1021,916,1,'moteneek','f4cfff97e78e0503b17f82d97702edab','Keene','','tomkeene@hiwaay.net',1),(1022,917,1,'ccantrell@knology.net','f1ca4447fbf2bd021430be8426ef529b','Cantrell','','ccantrell@knology.net',1),(1023,918,1,'allyoops','26c28e01c5fef59fb47555ad808baf0d','Raebel','','raebela@knology.net',1),(1024,919,1,'Erickson','84066e5d4f7e03c56da3c36d29ebbb09','Erickson','','bigdogand4@bellsouth.net',1),(1025,920,1,'mikemoran','a9176f37f29af221a0bdd830497ae1c0','Moran','','lawv@juno.com',1),(1026,922,1,'JohnFee','7fe08b4dafae6ca3696baec0a4f157c6','Fee','','candjfee@knology.net',1),(1027,924,1,'LoydD','4f200dd50f7bcac8a64683b771700afb','Doering','','loydclaired@bellsouth.net',1),(1028,925,1,'Azcanuck2000','cabe347cbb88e38e3f7a577d1d05208c','Neilly','','azcanuck2000@yahoo.com',1),(1029,926,1,'Coach Benson','da443a0ad979d5530df38ca1a74e4f80','Benson','','fireeatn1@hotmail.com',1),(1030,927,1,'parker1369','53b20f5d2b02a142385c5285ec1afbac','Parker','','parker1369@hotmail.com',1),(1031,928,1,'postensoe','662f5b1131d15cd05c938a8bdc5818d8','Ostensoe','','peter.ostensoe@ngc.com',1),(1032,929,1,'Don Masterson','4baaa916798f9e32dcf7da75cc190dae','Masterson','','dmasterson@hsv.k12.al.us',1),(1033,930,1,'debbies417','7be276d0a2ddb14a007add4c5bc990e0','Pike','','debbies417@hotmail.com',1),(1034,931,1,'mdamon5210','b368ac13e6f7e92d4a404a54fa53f553','Damon','','mikedamon@comcast.net',1),(1035,932,1,'cnsz1853','51981758220d44563f48a6667619a374','Neal','','nori_neal@mchsi.com',1),(1036,935,1,'smarenka','ccc96ffcee9ad9aaf9206e3e009b64e1','Marenka','','stephen@marenka.net',1),(1037,936,1,'davidtonn','a6c6da370ff5ca76102537a080be30b4','Tonn','','dtnuke@bellsouth.net',1),(1038,937,1,'farless','b3150b30bf62a5ae686c9704a51f8e14','Farless','','cathy.farless@comcast.net',1),(1039,938,1,'DeJuan','df40f816ee950d6d7d458e89daf0bc53','DeJuan','','lamar4806@sprint.blackberry.net',1),(1040,940,1,'vandyu14','0c5274f4565e43b1f805a112de772215','vanderford','','vanderford82@bellsouth.net',1),(1041,941,1,'vandysoccer','0c5274f4565e43b1f805a112de772215','vanderford','','vanderford82@bellsouth.net',1),(1042,942,1,'kimkrome','c81d76d6c160db37ea82635e5b26a9a0','Krome','','kimkrome@knology.net',1),(1043,943,1,'mkrome','dc1b6fe3b3d903a0c420e0464c576ca8','Krome','','mark.krome@nasa.gov',1),(1044,944,1,'sisyphus68','fdab1c2eb8f76bfaa22aed15a06b8515','Steely','','thrawn@mchsi.com',1),(1045,947,1,'Darryl1000','14fbdad7a062345adac5d7ed1ba0e913','Anderson','','Darryl1000@aol.com',1),(1046,948,1,'norineal','51981758220d44563f48a6667619a374','Neal','','nori_neal@mchsi.com',1),(1047,950,1,'jkokjohn','9547f913c33428126703c39a1da98d02','kokjohn','','jkokjohn@msn.com',1),(1048,951,1,'contn4u','ac13748cd894b691d89c8437299933c6','Farmer','','dandsfarmer@knology.net',1),(1049,952,1,'Drew17','9d276b29b606a34d97bdd93ef0f7a2fb','Tidwell','','andrewtidwell@hotmail.com',1),(1050,954,1,'jdodson','4e178b82955cf0e2220f503d149f08ba','Dodson','','tdodson@bellsouth.net',1),(1051,956,1,'femozi','5b99f1ef069e9faaaee7388286e4d966','Morales','','fmorales@knology.net',1),(1052,957,1,'johnlewis','da443a0ad979d5530df38ca1a74e4f80','Lewis','','john.lewis7@comcast.net',1),(1053,959,1,'lawv@juno.com','b396c3d53ce9f5e29250b63ea11c0901','Moran','','lawv@juno.com',1),(1054,960,1,'CindyV','85307d40a2b68824bc394fc216f1a0e1','Vechinski','','cvech@bellsouth.net',1),(1055,962,1,'cdaneri','ca7e05a1210a80ffba59ea46b9c00464','Daneri','','daneri11@yahoo.com',1),(1056,963,1,'monrovia','8a780cd76637201c75dfa7fd8476a2b9','Monrovia','','',1),(1057,964,1,'milenkovic','2ef0f48db564908492b5379d8f078894','Milenkovic','','milenkovic@bellsouth.net',1),(1058,965,1,'emmalynch','01f8e0b7b41840f19f5280b92b66cd89','Lynch','','blynch@telcordia.com',1),(1059,966,1,'Darien V','4cae2741965002ad01b4ea92199da42e','Vechinski','','cvech@bellsouth.net',1),(1060,969,1,'Matis Family','b731aa0f182922e4f1bddc86f531cf38','Matis','','matisfamily@bellsouth.net',1),(1061,971,1,'brooke.etzel','63da5b454be581ebbd83763593a3dc2a','Etzel','','brooke.etzel@knology.net',1),(1062,972,1,'dwebster','c163dd080b231880eb12639b975b8fda','Webster','','dengitti@bellsouth.net',1),(1063,975,1,'rkshepar','0b4c48af453b163c6ec9a9290e90ab0a','Shepard','','randall.shepard@att.net',1),(1064,976,1,'JIMMY','8e73b27568cb3be29e2da74d42eab6dd','DUNNING','','littleevilde@aol.com',1),(1065,977,1,'darrelljones','7b4eaa8aa752e650cdf58d4b872fdfe7','jones','','djones@emarep.com',1),(1066,978,1,'yeardley','733870285c7dcac35cb828e142f153c4','Yeardley','','ralph.yeardley@wyle.com',1),(1067,979,1,'Stickley.aaron','540a6b735a4e31a70f32d63a8c1687e3','Stickley','','boo_oomer@hotmail.com',1),(1068,980,1,'jwilt','ec70c484d3a7abccc2eec9e8cb122a87','wilt','','bdwilt@bellsouth.net',1),(1069,982,1,'tpersons','3bd5c44b3bb2ec5a462973d3c3ed72ee','Persons','','tpersons@morrissouth.com',1),(1070,983,1,'millerds','256d5b0479897ffe4a9fcfb2bf517995','miller','','crazylegsdavid@netscape.net',1),(1071,984,1,'elimbo','1661cb27c9ab537cef1b654074bde251','Ernest Limbo','','eklimbo@knology.net',1),(1072,985,1,'Donny Barnes','83ce608faa2367e57a4eae13ddceeea1','Barnes','','barnesdc@mchsi,com',1),(1073,986,1,'david pugh','9bcbdbc3d3a1beaa4a53bd4b4131d4a2','Pugh','','david.pugh@knology.net',1),(1074,987,1,'bdoyle','617f176c8f12ce76afaa39a28e45f8a7','Doyle','','',1),(1075,988,1,'Forrest Evans','9e71d9e80f449cc6e3ae0db05ad49b96','Evans','','forrest@ardmore.net',1),(1076,989,1,'tguzowski','f50361e437b8d3e2239f71c523ce1735','Guzowski','','tguzowski@knology.net',1),(1077,990,1,'blondiegoode','faf71f915ba483c4fef97fd4546d01c2','Goode','','kristen@goode.info',1),(1078,991,1,'mwilliamson','9445a772b99aacd3eb605758aa4d497c','Williamson','','markj.williamson@ge.com',1),(1079,992,1,'mikef5337','f675cbf87e1a40df859f6ccc4bc14085','Flachbart','','mikeflachbart@bellsouth.net',1),(1080,994,1,'steelycr','b3ec03fcb3d1db56e190ba3e7bfea81e','Steely','','cherylsteely@mchsi.com',1),(1081,995,1,'vpritchett','91532b710e9d617974c31113ff4808eb','Pritchett','','victorgen@aol.com',1),(1082,997,1,'marco','ccba87de6320fa0d7fdf80c163d12989','Castiglione','','jcastigl@my.athens.edu',1),(1083,998,1,'traebel','a696f6b3739308582cca688ea79d9c27','Raebel','','traebel256@comcast.net',1),(1084,999,1,'j_a_hammer','0831ab3b106b1fbf788c31ccaf1d37f8','Hammer','','rjkhammer@knology.net',1),(1085,1000,1,'kala','cf6108a6f6e5c5f7398e798b36e72b28','barr','','kalabarr@mchsi.com',1),(1086,1004,1,'Benefsj','554b3258021e874d1518af371ff7be66','Benefield','','benefield@knology.net',1),(1087,1005,1,'FrankShi','239e532e096084a9dd5841325b26d58e','Shi','','fshi_xz@yahoo.com',1),(1088,1006,1,'nori_neal@mchsi.com','51981758220d44563f48a6667619a374','Neal','','nori_neal@mchsi.com',1),(1089,1007,1,'ddutton','d62079bacb83d67fdab86eba75f3c01a','Dutton','','davidjdutton@gmail.com',1),(1090,1009,1,'jebster62','686e36ab33dceb447fb39c2ff20dde36','Bennett','','jebster62@bellsouth.net',1),(1091,1010,1,'aagrin','c52ca8e9de63a307a42eb1f56cf7b50c','Agrinzoni','','sagrin@hotmail.com',1),(1092,1011,1,'willem','06c4e59d4f970e9a0faf31c3f6e37842','Willem','','rwillem@hotmail.com',1),(1093,1015,1,'bdmiller4','04c7b2f96b082e5f186ba95d05815489','Miller','','randymiller@knology.net',1),(1094,1016,1,'jebster','686e36ab33dceb447fb39c2ff20dde36','Bennett','','jebster62@bellsouth.net',1),(1095,1018,1,'cholland','9b58c8cbd9d0db9e2b1fd26ebb6ee2b8','Holland','','cholland@knology.net',1),(1096,1019,1,'jasperfaith@yahoo.com','1dda9feab5290c69bdb9ba7bb0523287','williamson','','jasperfaith@yahoo.com',1),(1097,1020,1,'kelree','4f200dd50f7bcac8a64683b771700afb','Hauenstein','','kelree@juno.com',1),(1098,1022,1,'slsamara','a57f6c6b4a9c7e835ce9fb94e6c24c21','Samaras','','slsamaras@tva.gov',1),(1099,1023,1,'abuspetani','8e101d2359dc09924eb0b6a049f56d6f','abuspetani','','abuspetani@yahoo.com',1),(1100,1024,1,'sco103','eef603ca2417ddde1ec66d67a4e9e024','Earp','','searp@mchsi.com',1),(1101,1025,1,'lionboy221','1734f0a7345707b7a9646125a8a44eab','Ross','','Lionboy221@gmail.com',1),(1102,1026,1,'ejr025','aec9d86d9a7ef8947295596ec111e382','Marples','','judymarples@yahoo.com',1),(1103,1027,1,'christian','da443a0ad979d5530df38ca1a74e4f80','Noack','','noack@umich.edu',1),(1104,1028,1,'aluchini','a064d1cd5fca4dcdd2875d4daa15a87d','Luchini','','aluchini@knology.net',1),(1105,1029,1,'zmtcn06','0cecec23eb34018f38511f0e46b45e12','Stovall','','zmtcn06@mchsi.com',1),(1106,1030,1,'obiwanheifner','f61a5fd55f940242d7c0c9366a37e9bb','Heifner','','lee.heifner@ieee.org',1),(1107,1031,1,'wstirling','052aa7e863e36cd0d19ac7cd1e240940','Stirling','','william.stirling@us.army.mil',1),(1108,1032,1,'dtillman','f0f903165a83dfd4ac093eeba1c63b0b','Tillman','','dajuan.tillman@yahoo.com',1),(1109,1033,1,'weekleyc','7e6a6617098411b9d39353234cbb6fd4','Weekley','','weekleyc@saic.com',1),(1110,1034,1,'emeallme','f490b66e6437b48d96d4a70b63ac3462','Toler','','lori.toler@us.army.mil',1),(1111,1035,1,'cgboyer','999a4be70614f2d73a373fbbe719c4b1','Boyer','','boyerc@knology.net',1),(1112,1036,1,'bbader','6bfd92047eb517377d11334978696a5c','Bader','','bejew@knology.net',1),(1113,1037,1,'pkurth','0d76176270b3dc7e9e47830904806635','Kurth','','p.kurth@mchsi.com',1),(1114,1038,1,'dmitchell','1ddffcebbab025b1a9ef0bbfefe31b08','Mitchell','','dmitchell13@gmail.com',1),(1115,1039,1,'kimgoode','3d00daeadc19fd89418fbe4005c10981','Goode','','kim@goode.info',1),(1116,1041,1,'baataboom','059498f120aabf50a4c252f94668f3c9','Davis','','mark@renmarksystems.com',1),(1117,1042,1,'kala barr','cf6108a6f6e5c5f7398e798b36e72b28','Barr','','kalabarr@mchsi.com',1),(1118,1043,1,'bahern','ac82e62b5b440881641dd4ccb040414d','Ahern','','',1),(1119,1044,1,'austinwalker','59ecef26213d557e39d8443365341085','Walker','','soccerdad@knology.net',1),(1120,1045,1,'Aaron E Smith','4b3661edd5c9e1bd6d98d4bc4076964d','Smith','','aaronesmith@knology.net',1),(1121,1046,1,'pmhager','534a80307872c6547f38350ca9dce16c','Hager','','go4itpaul@gmail.com',1),(1122,1047,1,'Deanjohnson','d0204ad84e19075f95a176b65152ffde','Johnson','','deanjohnson@knology.net',1),(1123,1048,1,'Paul Prichard','209b1073cbedbb0f647413144d8a98a7','Prichard','','paulprich@comcast.net',1),(1124,1049,1,'Tim012','7d0df4f46505d83bc7949dd1fb9c0db8','Bryson','','tim.bryson@us.army.mil',1),(1125,1050,1,'Christy Tate','ce8fbf161182f814df5f778862afbedd','Tate','','ctate@qualitestrx.com',1),(1126,1051,1,'agpatel66','0d9f75c4c623a40563a60e1e4cdf9cf9','Patel','','apatel_home@yahoo.com',1),(1127,1052,1,'JCuzzort','14ee666a48561e2fef3175f99f270851','Cuzzort','','j.cuzzort@mchsi.com',1),(1128,1053,1,'becher','9b6097fa43a1cc9466a3a45ae104e203','becher','','bkbecher@knology.net',1),(1129,1054,1,'pmccoy','54067a5b738923497a9354fd57c8421e','McCoy','','peter.b.mccoy@gmail.com',1),(1130,1055,1,'Jeff_sellers@bellsouth.net','ad6303bc78d1b9689da1f1b8070477f2','Sellers','','Jeff_sellers@bellsouth.net',1),(1131,1056,1,'stwcrna','4297f44b13955235245b2497399d7a93','Williams','','stwcrna@gmail.com',1),(1132,1057,1,'rkucinski','0571749e2ac330a7455809c6b0e7af90','Kucinski','','russellkucinski@bellsouth.net',1),(1133,1058,1,'spbenson@knology.net','ff9e137f161e79f48272d5455471d055','Benson','','spbenson@knology.net',1),(1134,1059,1,'melody50','54ce1095cb71ac4e6d65d9a4124eb56d','Helms','','melloshady@aol.com',1),(1135,1060,1,'dajuantillman','b37103f727790924a682e5013fa74043','Tillman','','dajuan.tillman@yahoo.com',1),(1136,1061,1,'matthewc','0805756c6cef2ca69cc9ec3be8c9cf39','Clemens','','jimclemens@hotmail.com',1),(1137,1062,1,'l.chandler@mchsi.com','04e32b4ed4c8d65799646ada1481ce9c','Chandler','','lchandler@tyonekgroup.com',1),(1138,1063,1,'dwhitlock','aedf55643127f1d46c6f58e40d66a09b','Whitlock','','dkwhitlock@knology.net',1),(1139,1064,1,'nollerp','d48f6fe9c2977ae834bcf80298e700de','Noller','','noller@knology.net',1),(1140,1066,1,'hans','18a7ea0a5f4556e4ebcf7a020423cdce','Castiglione','','jendege2@knology.net',1),(1141,1067,1,'Taylor','a09f91f8be77e65b371a64bf1d8305c9','Wickham','','flamingomom13@yahoo.com',1),(1142,1070,1,'stephenberry','e2653861a0fc8598d7ee8e2b803f8eec','Berry','','stephen.berry@knology.net',1),(1143,1071,1,'LaBerenz','bb0bbef08d3bc47ec458def45ecaac2b','LaBerenz','','troutseeker@mchsi.com',1),(1144,1072,1,'jensenn','4a701c0f231997c67d0d8e06e864c3b8','Jensen','','neil@jensenet.com',1),(1145,1073,1,'jacriswell','016a05ddf3d9f074880adee310de8f52','Criswell','','jacriswell@comcast.net',1),(1146,1074,1,'andy','5128cb92c880bc719de96c587819d37f','Tichow','','atichow@aviagen.com',1),(1147,1076,1,'sellersj','ad6303bc78d1b9689da1f1b8070477f2','Sellers','','jeff_sellers@bellsouth.net',1),(1148,1077,1,'kelree@juno.com','fbb4305a7973e2056ab470ef25edd271','Hauenstein','','kelree@juno.com',1),(1149,1080,1,'djschaffer','04886c56163f957779f5f9c16857b521','Schaffer','','denschaffer@gmail.com',1),(1150,1081,1,'fulkersonme','ca34466c34bb5406aaad8ebd2fe62d67','Fulkerson','','mikefulkerson@bellsouth.net',1),(1151,1082,1,'deverly014','ea94a7ff1f4ca3aac0fbc78682a7801e','Everly','','everlydavid@gmail.com',1),(1152,1083,1,'gmcmomx3','e1f04f2d0b37d19e949cd9758106bac0','cardamone','','gmcmomx3@yahoo.com',1),(1153,1084,1,'jturnage','bd95aa4f79c6dd03d450bcbb67190d0e','turnage','','james.turnage@us.army.mil',1),(1154,1085,1,'cslynam','4442d2601fb06b75e5982f5f774c7707','Lynam','','scottlynam@comcast.net',1),(1155,1086,1,'gfrady','b3aa7a2d9006563bc363785b4da126c9','frady','','greg.frady@nasa.gov',1),(1156,1087,1,'jaycrosby','2242a97ea96f6a6d4c7d67c4ff194fd0','Crosby','','jaycrosby@gmail.com',1),(1157,1088,1,'Heather Fields','f743c815d112d83107af1ae224af1139','Fields','','heather.felicity.fields@gmail.com',1),(1158,1089,1,'rmanis','7af4896825dfc7e94f8a1d6846a5a2d4','Manis','','rlmanis@bellsouth.net',1),(1159,1090,1,'Alan Hislop','c0a4c345f317788e12deb07aba79e1a9','Hislop','','athislop@gmail.com',1),(1160,1091,1,'TomLawson','e286bcadb06f1c0190cc0a85b34eb6c0','Lawson','','tom@digium.com',1),(1161,1092,1,'WVic','505990a9dbad010a3562a44da198434c','Vickery','','ellenvickery@knology.net',1),(1162,1093,1,'lacrosby','2242a97ea96f6a6d4c7d67c4ff194fd0','Crosby','','jaycrosby@gmail.com',1),(1163,1095,1,'dram','b0005b047907d75a385e003b551500f2','Ramsden','','dram.hoosier@gmail.com',1),(1164,1101,1,'dneal3','501a60a2b28ba8e6a95ce30c11877fda','Neal','','dchaneal@knology.net',1),(1165,1103,1,'ahl','daa918c91d7b1ebc2a839ffc422c4841','Ahl','','ed.ahl@us.army.mil',1),(1166,1104,1,'socceranimal714','dd71f07d9f6eb2fffcf37689de8f87a2','Uhl','','socceranimal714@gmail.com',1),(1167,1105,1,'aaronesmith','086a94a751927f6682bb0897df895c98','Smith','','aaronesmith@knology.net',1),(1168,1106,1,'deverly','ea94a7ff1f4ca3aac0fbc78682a7801e','Everly','','everlydavid@gmail.com',1),(1169,1109,1,'demmerson','1d3d37667a8d7eb02054c6afdf9e2e1c','Emmerson','','demmerson@aviagen.com',1),(1170,1110,1,'roger','0c50978df27f5bc1c0b9e1b0e0bfd263','chrisman','','roger_chrisman2@yahoo.com',1),(1171,1111,1,'ericbatt','8ac20bf5803e6067a65165d9df51a8e7','Batt','','ericbatt@netzero.net',1),(1172,1113,1,'Drew','9d276b29b606a34d97bdd93ef0f7a2fb','tidwell','','andrewtidwell@hotmail.com',1),(1173,1114,1,'Ttiansdad','8044474075b1afcb67a8c79ac0c19da4','Daniels','','lee_daniels@earthlink.net',1),(1174,1115,1,'j.stiene','04d30f18a132c38c19e5f39d647c76c2','stiene','','joseph.stiene@us.army.mil',1),(1175,1116,1,'Hazim','a475dda14be750129bffbfa446937a8c','Muhammad','','hazimmalik@hotmail.com',1),(1176,1118,1,'ABDUL','7ef4c3eb693fe46bd464773a917566aa','ABUSPETANI','','ABUSPETANI@YAHOO.COM',1),(1177,1119,1,'wleroux','fe34c4a9480075899591adff927228b8','le Roux','','wleroux@knology.net',1),(1178,1120,1,'ptw@knology.net','fc25b8de93fc78247ad51123fd96c07d','Willis','','ptw@knology.net',1),(1179,1121,1,'jason.matheney','b8db3622c15039fa4a726aaa8b4f0fc0','Matheney','','JLMatheney@knology.net',1),(1180,1122,1,'testermike','23804201a61343a663a7a44afc3a2e5b','Burrows','','mike.burrows@summerfieldarl.net',1),(1181,1123,1,'planey','131de16f9817bc3bee9a9cf18d29311d','Laney','','planey@cdlsystems.com',1),(1182,1124,1,'mclevejr','5aa98bf1bd2256e731a4a914037da6d6','cleveland','','mclevejr@aol.com',1),(1183,1125,1,'ortegsp','743126018c340f763594f4b706ef3156','Ortega','','scortega@att.net',1),(1184,1127,1,'ABDALLAH','7ef4c3eb693fe46bd464773a917566aa','ABUSPETANI','','ABUSPETANI@YAHOO.COM',1),(1185,1129,1,'Chris','428fd3e21a7985c3b659869c7ec83a17','Burrows','','chris@testcenter.org.uk',1),(1186,1130,1,'acheatham','e1acf848cae311d8045e8758b81a6a67','Cheatham','','Angie@mindrally.com',1),(1187,1131,1,'jgforte','63744abd024ecbbd3b28702431bf5caf','forte','','jgforte@bellsouth.net',1),(1188,1133,1,'afolk','9e81fdfba150a8d3e88156f444850e74','Folk','','folk11@mchsi.com',1),(1189,1134,1,'F_Gant','c64d2638e45d56eaed7fb8d27bd01b77','Gant','','fgant@knology.net',1),(1190,1135,1,'harlanearp','eef603ca2417ddde1ec66d67a4e9e024','Earp','','searp@mchsi.com',1),(1191,1136,1,'dewberry9@comcast.net','9831136894b9a3030ad2eaa7e5cbcf78','dewberry','','dewberry9@comcast.net',1),(1192,1139,1,'scantrell','e7e686e181f78e828434e66f93837bb3','Cantrell','','ccantrell@knology.net',1),(1193,1140,1,'SavannahMcCullough','f2dd8928d97a329eaeb307556a636db5','McCullough','','savannahtmccullough@yahoo.com',1),(1194,1141,1,'rlmoore33','2c1cf299ab182f58360f4bef0718ba5e','Moore','','matt.moore@comcast.net',1),(1195,1142,1,'Caseyt','4be43ced9a286e854192eb3c347b7e5b','Thomason','','soccergirlcasey@mchsi.com',1),(1196,1143,1,'cgillies','1e6629b51db91870d228a4dce3d07024','Gillies','','connor@gillieshome.com',1),(1197,1144,1,'wagnerfm','dae57a776de553390f2f1a09a3607d36','Wagner','','wagnerfm@aol.com',1),(1198,1145,1,'Crazy Lefty','eb108d4f1c7519db875ef54a0d7a5377','Palermo','','yankeebob23@comcasr.net',1),(1199,1146,1,'soccermom','59537eb5806e2f37aa46cbfd1dcda22c','Gillies','','soccermom@gillieshome.com',1),(1200,1147,1,'stingray6_02','8044474075b1afcb67a8c79ac0c19da4','lee daniels','','enddad',1),(1201,1148,1,'JeffJones','eb7af53afda354a4a9b539cd83d67d30','Jones','','jones3rdsat@bellsouth.net',1),(1202,1149,1,'Mixay','3ac87f645e7e17c0410306b33eb282f6','Phonthibsvads','','phonthibsvads@yahoo.com',1),(1203,1150,1,'hawket','da443a0ad979d5530df38ca1a74e4f80','Hawke','','angelahawke@bellsouth.net',1),(1204,1152,1,'bryanbrazelle','cdb2613facdb64b20981165b057291c6','Brazelle','','brazellebf@yahoo.com',1),(1205,1156,1,'paulprich','209b1073cbedbb0f647413144d8a98a7','Prichard','','paulprich@comcast.net',1),(1206,1157,1,'MixayP','77b1de9c1d49292c6630409ef195ba26','Phonthibsvads','','phonthibsvads@yahoo.com',1),(1207,1159,1,'Stacy Cantrell','012fe1ea510802213a72ef6b3e86b56b','Cantrell','','ccantrell@knology.net',1),(1208,1161,1,'Lloydd','c49ad81900d86691a2c2bec247b142fd','Doering','','loydclaired@bellsouth.net',1),(1209,1162,1,'blynch','ab5e876b5d194847b8b2cba59b8b14be','Lynch','','blynch@telcordia.com',1),(1210,1164,1,'elliottsdad','bd21a0793c6e69fb985a14e6ab6342a5','Daniels','','lee_daniels@earthlink.net',1),(1211,1166,1,'nasutherland','5bb8a7379c5855d39887da9a8abafeec','Sutherland','','wnsutherland@knology.net',1),(1212,1167,1,'tsommerkamp','38fcf10efbddb94a2882bb5e98b5040f','Sommerkamp','','tomrn2@aol.com',1),(1213,1168,1,'akhazendar03','4786ed466a3bab5c371bea1be5b13db7','Khazendar','','soccerchamp93@gmail.com',1),(1214,1169,1,'akhazendar93','4786ed466a3bab5c371bea1be5b13db7','khazendar','','mkhazendar@gmail.com',1),(1215,1170,1,'mkhazendar55','a7777999e260290f68a1455cacdabf6c','Khazendar','','mkhazendar@gmail.com',1),(1216,1171,1,'dmasterson','4baaa916798f9e32dcf7da75cc190dae','Masterson','','33pinetrees@gmail.com',1),(1217,1172,1,'bennett','c3a3e3d9098540b57ada235c7d767a1b','Bennett','','jandg@knology.net',1),(1218,1173,1,'maxon','74fb0c0f54b2f7a0bdb30d38e965fb13','Danner','','mdanner@knology.net',1),(1220,1176,1,'jessicabmarie','ea1aeb3d8d196f065e4f8dd3ca93194f','Borrego','','jessicabmarie@aol.com',1),(1221,1177,1,'chrishanks','af505dba1b1a328b271f130059c94add','hanks','','chris.hanks@tbe.com',1),(1222,1179,1,'dmartin78','3855ed1ae681669a7f36c7f043e099b6','Martin','','deannamartin78@yahoo.com',1),(1223,1180,1,'Bryan357','ea6d61bd724ce9b59d1300519f33d117','Ridenour','','bryan.ridenour@yahoo.com',1),(1224,1181,1,'sykesk','9c24d51e4471e4e1905eb1f4acf14f38','Sykes','','james.k.sykes@nasa.gov',1),(1225,1182,1,'broadwaygames','f29f2b85f06a97a05859c6ff63b3f3cf','Broadway','','jb2928@comcast.net',1),(1226,1183,1,'scottearp','eef603ca2417ddde1ec66d67a4e9e024','Earp','','searp@mchsi.com',1),(1227,1184,1,'zpleroux@gmail.com','3e34d753a559d6e48166a91b860d7f37','le Roux','','zpleroux@gmail.com',1),(1228,1185,1,'gwtdrago','f477f3a2793349d5903305d7bfa9d96d','Tillery','','gwtdrago@yahoo.com',1),(1229,1186,1,'Bob Ledyard','ef50c335cca9f340bde656363ebd02fd','Bob Ledyard','','reledyard@comcast.net',1),(1230,1187,1,'1234hht','0abd30918086d870727d48351fe486f7','Christiansen','','killa.2013.cool@gmail.com',1),(1231,1188,1,'leswilson10','9bec24729037ff15e7efc1b3c88559b2','Wilson','','leswilson10@gmail.com',1),(1232,1189,1,'meltom','fb414ca696295c600f6bdd8b58fbaa3c','Eltom','','magdi30@yahoo.com',1),(1233,1190,1,'ABUSPETANI123','979879b010b1e0aa978a915475149423','ABUSPETANI','','ABUSPETANI@YAHOO.COM',1),(1234,1191,1,'JMeyer','72a9ec88ffe1ca3b2b021990b2d0e5fa','Meyer','','jandsmeyer@bellsouth.net',1),(1235,1193,1,'granbois2010@knology.net','147e604c6b627b721c25848556e2ad5e','Granbois','','granbois2010@knology.net',1),(1237,1195,1,'stevegrady','01b3f378798d72bf73c8050d76707e0a','Grady','','stevegrady@knology.net',1),(1238,1196,1,'joestiene','ebdef51a18717f57aab5c767c7c093c1','Stiene','','lmsjfs@knology.net',1),(1239,1197,1,'josh.obryant','b3b7eca0709c3c25e677677937e8f609','O\'Bryant','','josh.obryant@gmail.com',1),(1240,1198,1,'ellisoba','00982f4aedb47d9a147e19638c8c4fbd','E','','',1),(1241,1199,1,'bjd721','f11629a2fe36a7f42fd57d10ea39248c','Dempsey','','bjd721@yahoo.com',1),(1242,1200,1,'hworley','a6af9520de43c65cd6241c0b9674ba52','Worley','','bworley@knology.net',1),(1243,1201,1,'aknedlik','f884d15a81be137ac6c6960105a9b06d','Knedlik','','aknedlik@gmail.com',1),(1244,1202,1,'aglashley','e254004d04b7a91eeac05ebe03c53183','Lashley','','tlashley@aegistg.com',1),(1245,1203,1,'wdcaraway','4f200dd50f7bcac8a64683b771700afb','Caraway','','wdcaraway@bellsouth.net',1),(1246,1204,1,'liz','933d9ab21b4104aedc9f0ad01b985561','Adams','','delizciouseternity@gmail.com',1),(1247,1205,1,'Myrtis','e8d9f22486524b341c252517b060c0f8','Thomas','','myrtisthomas@att.net',1),(1248,1206,1,'jswann','65dbb013033a4f1c972da9367d8d3c81','Swann','','rc.ayso414@gmail.com',1),(1249,1207,1,'mkrassick@webbwheel.com','a671ab956e3adaf53236b0a855f4341f','Krassick','','mkrassick@webbwheel.com',1),(1250,1208,1,'337 Knoxville McMahan','9c4e6233c6d5ff637e7984152a3531d5','Shipley','','Patrick_Shipley@TeamHealth.com',1),(1251,1209,1,'SStinson','584ef060f449c25d4fb6f5180ba4d84c','Stinson','','scott.c.stinson@nasa.gov',1);
/*!40000 ALTER TABLE `account` ENABLE KEYS */;
UNLOCK TABLES;

--
-- Table structure for table `account_person`
--

DROP TABLE IF EXISTS `account_person`;
/*!40101 SET @saved_cs_client     = @@character_set_client */;
/*!40101 SET character_set_client = utf8 */;
CREATE TABLE `account_person` (
  `id` int(10) unsigned NOT NULL AUTO_INCREMENT,
  `account_id` int(10) DEFAULT '0',
  `person_id` int(10) DEFAULT '0',
  `org_id` int(10) DEFAULT '0',
  `fname` char(40) DEFAULT '',
  `lname` char(40) DEFAULT '',
  PRIMARY KEY (`id`),
  KEY `i0` (`account_id`)
) ENGINE=MyISAM AUTO_INCREMENT=1210 DEFAULT CHARSET=utf8;
/*!40101 SET character_set_client = @saved_cs_client */;

--
-- Dumping data for table `account_person`
--

LOCK TABLES `account_person` WRITE;
/*!40000 ALTER TABLE `account_person` DISABLE KEYS */;
INSERT INTO `account_person` VALUES (1,1,1,1,'Art','Hundiak'),(2,1,3,1,'Ethan','Hundiak'),(3,1,2,1,'Rebecca','Hundiak'),(8,4,25,1,'Van','Sullivan'),(9,4,175,1,'Beth','Sullivan'),(10,4,293,1,'Abby','Sullivan'),(11,4,203,1,'Zach','Sullivan'),(12,5,172,1,'Dan','Nickolaus'),(13,5,576,1,'Claudia','Nickolaus'),(14,5,706,1,'Pam','Nickolaus'),(15,6,49,1,'Jay','Wilson'),(731,6,1630,1,'Cal Wilson','Wilson'),(16,7,259,1,'Scott','Harmening'),(17,8,514,1,'Stephen','Strand'),(134,8,0,1,'Katrina','Strand'),(150,8,0,1,'Michelle','Strand'),(151,8,0,1,'William','Strand'),(18,9,220,1,'Kelly','Harness'),(125,9,737,1,'DJ Harness','Harness'),(131,9,0,1,'Tammy','Harness'),(135,9,0,1,'Matthew Bumpas','Harness'),(19,10,244,1,'Greg','McReynolds'),(20,10,466,1,'Connor','McReynolds'),(21,11,464,1,'Jim','Rogers'),(22,12,167,1,'Kevin','Bruening'),(23,13,254,1,'Alberto','Guerrero'),(24,14,591,1,'Dowling','Bowman'),(25,15,5,1,'George','Knapp'),(26,16,61,7,'Paul','Galloway'),(27,17,237,1,'Bill','Johnson'),(28,17,138,1,'Suzanne','Johnson'),(29,18,592,1,'Mark','Bailey'),(30,19,84,1,'Jeff','Newman'),(31,20,419,1,'Ronnie','Turrentine'),(32,21,306,1,'David','Gatlin'),(33,22,727,1,'David','King'),(34,22,0,1,'Stacey','King'),(35,23,0,1,'Tom','Potts'),(36,24,506,1,'Michael','Gubert'),(37,24,713,1,'Kimberly','Gubert'),(38,25,570,1,'Mike','Futrell'),(39,25,573,1,'Pam','Futrell'),(40,25,574,1,'Courtney','Futrell'),(41,26,709,1,'Kevin','Langjahr'),(42,27,132,1,'Roger','Goodmon'),(43,28,0,1,'Jennifer','Rankin'),(44,29,609,1,'David','Saalwaechter'),(45,30,295,1,'benjamin','nickolaus'),(46,31,0,1,'benjamin','nickolaus'),(47,32,0,1,'Michael','Gordon'),(48,33,545,1,'Peter','Smart'),(49,34,710,1,'J. Christopher','Nave'),(50,35,0,1,'Michelle','Ballard'),(51,36,0,1,'Jeff','East'),(52,37,0,1,'emily','black'),(53,38,0,1,'Jenni','Rawlings'),(54,39,0,1,'Jason','Rader'),(55,40,469,1,'Steve','Anthony'),(56,41,235,1,'Philip','Walker'),(57,42,0,1,'Jackie','Wilson'),(58,43,23,1,'David','Kloske'),(59,44,470,1,'Ken','Riley'),(60,45,721,1,'Ruth','Smith'),(108,45,722,1,'Mark','Smith'),(61,46,57,1,'Michael','Moorhead'),(427,46,1150,1,'Shane','Moorhead'),(63,48,323,1,'Tom','Massey'),(64,49,7,1,'John','Gibson'),(65,50,0,1,'John','Schocke'),(66,51,0,1,'Wayne','Eurton'),(67,52,59,1,'David','Kennedy'),(68,52,512,1,'Kelly','Kennedy'),(69,53,0,1,'Katherine','Pitts'),(70,54,154,1,'Chad','Gipson'),(71,54,577,1,'Deanna','Gipson'),(72,55,180,1,'Frank','Dragna'),(73,56,247,1,'Andrew','Owen'),(74,57,255,1,'Tom','Allen'),(75,58,0,1,'Quinta','Thrasher'),(76,59,587,1,'Jeff','Gurley'),(77,60,269,4,'Darrell','Schmidt'),(78,61,79,1,'Bassem','Mahafza'),(79,62,0,1,'Courtney','Futrell'),(80,63,0,1,'jim','clegg'),(81,64,87,1,'Charles','McCarver'),(82,65,0,1,'Steven','Elliott'),(83,66,78,1,'Hong','Nguyen'),(84,66,0,1,'Nhuchi','Nguyen'),(85,67,725,1,'Douglas','Gafford'),(86,68,589,1,'Karen','Farlow'),(87,69,0,1,'patricia','tooley'),(88,70,0,1,'mark','kollman'),(89,71,724,1,'Jimmy','Erves'),(90,72,0,1,'Holly','Goodmon'),(91,73,6,1,'Ernie','Tipton'),(92,73,156,1,'Keenan','Tipton'),(93,73,157,1,'Brennan','Tipton'),(94,74,248,1,'phil','brown'),(95,75,246,1,'troy','gilmore'),(96,76,0,1,'Mary','Harrison'),(97,77,585,1,'Matthew','Morgan'),(98,78,298,1,'Matthew','Arnold'),(110,78,754,1,'Rebecca','Arnold'),(99,79,751,1,'Michael','Flachbart'),(100,80,729,1,'Robert','Peyton'),(101,81,730,1,'Ricky','Calle'),(102,82,0,1,'GREG','LOTT'),(103,83,750,1,'Dave','Hill'),(104,84,251,1,'Larry','Cain'),(105,85,611,4,'Patrick','Streeter'),(106,86,568,1,'Martin','Campbell'),(107,87,204,1,'Theresa','Durboraw'),(109,88,0,1,'matt','gordon'),(111,89,670,1,'David','Bohannan'),(112,90,0,1,'joanne','coombs'),(113,91,745,16,'Chasity','Rowe'),(114,92,299,1,'Luis','Ferrans'),(115,93,741,1,'David','Leviner'),(116,94,749,1,'Bill','Crosson'),(117,95,746,1,'Kevin','Nishimuta'),(118,96,335,1,'Sandy','Cooper'),(119,96,336,1,'Travis','Cooper'),(120,96,752,1,'Austin','Cooper'),(121,97,748,1,'Doug','Counter'),(122,98,743,1,'Stephen','Fitzgerald'),(123,99,0,8,'Todd','Bohanan'),(124,100,0,1,'Jason','Pitts'),(126,101,737,1,'DJ','Harness'),(127,102,0,1,'Tammie','Fullington'),(128,103,719,1,'Robert','Ross'),(129,103,742,1,'Bobby','Ross'),(130,104,740,1,'Ray','Morgan'),(132,105,0,1,'Jonathan','Jones'),(133,106,0,1,'David','Parks'),(136,107,0,1,'John','Hatfield'),(137,108,512,1,'Kelly','Kennedy'),(138,108,59,1,'David','Kennedy'),(139,109,171,1,'Gil','Ferguson'),(140,110,495,1,'Tung','Le'),(141,111,436,1,'David','Douglas'),(142,112,0,1,'Tom','Wrzeszcz'),(143,113,0,1,'Reset','Soccer'),(144,114,217,1,'James','Murata'),(145,115,8,1,'Mark','Silver'),(146,116,0,7,'Susan','Gillies'),(148,117,0,8,'Larry','Dumont'),(149,118,0,1,'Craig','Eichelkraut'),(152,119,804,1,'Rick','King'),(154,170,0,1,'Dan','Munoz'),(155,171,0,1,'Janice','Munoz'),(156,172,0,1,'Rebecca','Hundiak'),(157,173,0,4,'Moises','Ramirez'),(158,175,0,1,'Joe','Schmoe'),(164,180,907,4,'Deb','Agarwal'),(165,181,908,4,'Shawn','Appling'),(445,181,909,4,'shane appling','Appling'),(582,181,1538,4,'Shay Appling','Appling'),(166,182,488,4,'James','Appling'),(167,183,909,4,'Shane','Appling'),(798,183,1538,4,'shay appling','Appling'),(799,183,0,4,'shawn appling','Appling'),(168,184,910,4,'Connor','Armstrong'),(169,185,911,4,'Sydney','Batson'),(170,186,912,4,'Catherine','Baughn'),(171,187,913,4,'Christine','Baughn'),(172,188,914,4,'Debbie','Baughn'),(173,189,112,4,'David','Baughn'),(174,190,915,4,'Carl','Blair'),(175,191,916,4,'Justin','Blair'),(176,192,917,4,'Jim','Bloodsworth'),(177,193,918,4,'Jason','Bong'),(178,194,919,4,'Nathan','Booth'),(179,195,920,4,'Barbara','Booth'),(439,195,919,4,'Nathan Booth','Booth'),(180,196,921,4,'William','Brinda'),(181,197,922,4,'Elle','Bruno'),(182,198,528,4,'Mike','Bruno'),(183,199,923,4,'Sandra','Bruno'),(184,200,924,4,'Gary','Burns'),(185,201,925,4,'Areta','Campbell'),(186,202,926,4,'Ann','Campbell'),(187,203,927,4,'Todd','Cannon'),(188,204,140,4,'Mike','Chivers'),(189,205,928,4,'Jim','Clemens'),(190,206,929,4,'Nancy','Conaway'),(191,207,930,4,'Tana','Cook'),(192,208,70,4,'Helen','Cordier'),(193,209,931,4,'Santo','Cousart'),(194,210,932,4,'Ashleigh','Craig'),(195,211,933,4,'Anna Morgan','Crumbley'),(196,212,666,4,'John','Curran'),(197,213,934,4,'Kimberly','Curran'),(198,214,935,4,'Matthew','Curran'),(199,215,936,4,'JohnM','Curran'),(200,216,937,4,'Dan','Cutshall'),(201,217,939,4,'Les','Daniel'),(202,218,939,4,'Leslie','Daniel'),(203,219,940,4,'Bobby','Deberry'),(204,220,941,4,'Mark','Deberry'),(205,221,702,4,'Mike','Delmas'),(206,222,942,4,'Ron','Demirjian'),(207,223,878,4,'Jeff','Dennison'),(208,224,943,4,'Matthew','Dennison'),(209,225,944,4,'Ruth','Dennison'),(210,226,945,4,'Stacy','Dickinson'),(211,227,946,4,'Ming','Dong'),(489,227,1429,4,'Eric','Dong'),(212,228,947,4,'Mike','Doyle'),(213,229,948,4,'Mack','Draper'),(214,230,949,4,'Tom','Eberle'),(215,231,950,4,'Chris','Elegante'),(216,232,951,4,'Danny','Elegante'),(443,232,950,4,'Chris Elegante','Elegante'),(217,233,704,4,'David','Ellgen'),(218,234,952,4,'Doc','Herndon Elliott'),(219,235,953,4,'Charles','Evans'),(220,236,954,4,'Christine','Evans'),(221,237,955,4,'DeeDee','Evans'),(222,238,956,4,'Stephen','Evans'),(223,239,394,4,'Tom','Florence'),(778,239,1720,4,'Anna Florence','Florence'),(224,240,957,4,'Cassandra','Flowers'),(225,241,958,4,'Christopher','Flowers'),(226,242,959,4,'Mike','Flowers'),(227,243,960,4,'Jordan','Ford'),(646,243,1515,4,'Alex','Ford'),(229,245,962,4,'Jeff','Framer'),(230,246,963,4,'Ken','Frederick'),(231,247,964,4,'Samantha','Frederick'),(232,248,103,4,'Keith','Fury'),(233,249,965,4,'Christian','Gerlach'),(234,250,966,4,'Pam','Gerlach'),(235,251,967,4,'Michael','Giauque'),(236,252,968,4,'Will','Goins'),(237,253,383,4,'Doug','Gooch'),(818,253,1723,4,'Madiran','Gooch'),(238,254,969,4,'Dane','Graham'),(239,255,970,4,'Julie','Graham'),(240,256,971,4,'Samantha','Graham'),(241,257,972,4,'Michael','Gravel'),(242,258,973,4,'Brian','Green'),(243,259,974,4,'Conner','Green'),(244,260,116,4,'Hugh','Griffis'),(245,261,975,4,'Carol','Grimm'),(246,262,976,4,'Toria','Grimm'),(247,263,977,4,'Paul','Haanschoten'),(248,264,978,4,'Braden','Hager'),(249,265,979,4,'Paul','Hager'),(250,266,980,4,'Brenda','Hager'),(251,267,981,4,'Tim','Hardin'),(252,268,673,4,'Michael','Hart'),(253,269,982,4,'Shela','Hastings'),(255,271,983,4,'Charles','Heaton'),(256,272,984,4,'Gene','Henderson'),(257,273,985,4,'Robbie','Henderson'),(258,274,986,4,'Alex','Hood'),(259,275,987,4,'John','Hood'),(260,276,988,4,'Rick','Hopkins'),(261,277,989,4,'Christine','Howard'),(262,278,877,4,'David','Hutchinson'),(263,279,990,4,'Karisa','Jaime'),(264,280,991,4,'Hunt','Jarrell'),(501,280,1558,4,'Michael','Jarrell'),(548,280,991,4,'Hunt Jarrell','Jarrell'),(266,282,487,4,'Scooter','Johnson'),(267,283,993,4,'David','Johnston'),(268,284,879,4,'Nick','Johnston'),(269,285,994,4,'Adham','Khazendar'),(270,286,362,4,'Mazen','Khazendar'),(271,287,995,4,'Bob','Knapp'),(462,287,996,4,'christian knapp','Knapp'),(272,288,996,4,'Christian','Knapp'),(273,289,785,4,'Terry','Koelbl'),(549,289,997,4,'Tom','Koelbl'),(601,289,1518,4,'Joey','Koelbl'),(274,290,997,4,'Tom','Koelbl'),(275,291,998,4,'Cindy','Kosan'),(276,292,999,4,'Katie','Kosan'),(277,293,1000,4,'Keith','Kosan'),(278,294,1001,4,'Anne Marie','Kovach'),(279,295,1002,4,'Chris','Kovach'),(280,296,655,4,'Mike','Kovach'),(281,297,1003,4,'Hyungsup','Lee'),(282,298,1004,4,'Junsup','Lee'),(283,299,391,4,'Sangman','Lee'),(284,300,1005,4,'Seunghee','Lee'),(285,301,1006,4,'Elliot','Levy'),(286,302,1007,4,'Xiang','Li'),(287,303,1008,4,'Robert','Lindquist'),(288,304,1009,4,'Ryan','Lindquist'),(289,305,627,4,'Gary','Lindsay'),(290,306,1010,4,'Larry','Lingerfelt'),(291,307,1011,4,'Toby','Linton'),(292,308,1012,4,'Amanda','Little'),(293,309,1013,4,'Rebecca','Little'),(294,310,1014,4,'David','Little'),(295,311,1015,4,'Glenn','Long'),(296,312,1016,4,'Chih','Loo'),(594,312,1520,4,'Andrew Loo','Loo'),(297,313,1017,4,'Bryan','Lorge'),(298,314,1018,4,'John','Lynch'),(299,315,1019,4,'Jim','Malcolm'),(301,317,1021,4,'Lori','Manis'),(1075,317,769,4,'Rick Manis','Manis'),(302,318,634,4,'Greg','Martin'),(303,319,1022,4,'Stephanie','Mathewson'),(304,320,1023,4,'Daniel','McFall'),(305,321,1024,4,'Stuart','McFarland'),(306,322,1025,4,'Tyler','Melick'),(307,323,1026,4,'Dave','Michal'),(308,324,1027,4,'Pat','Miller'),(309,325,1028,4,'Ryan','Miller'),(310,326,1029,4,'Alfred','Modrall'),(311,327,1030,4,'Kit','Mok'),(312,328,1031,4,'Alex','Monnet'),(465,328,490,4,'rmonnet','Monnet'),(313,329,490,4,'Robert','Monnet'),(464,329,1031,4,'amonnet','Monnet'),(314,330,1032,4,'Antonio','Montoya'),(315,331,1033,4,'Mark','Morgida'),(316,332,871,4,'Jeff','Morris'),(317,333,1034,4,'Bryan Mortimer','Mortimer'),(790,333,763,4,'Jay Mortimer','Mortimer'),(791,333,1642,4,'Kyle Mortimer','Mortimer'),(318,334,1034,4,'Bryan','Mortimer'),(319,335,1035,4,'Mateen','Muhammad'),(1132,335,2065,4,'Hazim Muhammad','Muhammad'),(320,336,1036,4,'Emily','Muir'),(321,337,1037,4,'Robert','Muir'),(322,338,1038,4,'Mike','Murphy'),(323,339,1039,4,'David','Murphy'),(324,340,1040,4,'Chad','Murray'),(325,341,1041,4,'Matt','Nelson'),(326,342,1042,4,'Mike','Newchurch'),(327,343,1043,4,'Justin','Nosenzo'),(328,344,1044,4,'Frank','Olinger'),(329,345,1045,4,'Geneda','ORourke'),(330,346,1046,4,'Megan','ORourke'),(331,347,1047,4,'Jeff','Owens'),(332,348,808,4,'Vernon','Paulett'),(335,351,1049,4,'Luke','Pearce'),(336,352,1050,4,'Madi','Peeler'),(337,353,1051,4,'Sam','Perez'),(338,354,538,4,'David','Perry'),(460,354,1053,4,'Jody Perry','Perry'),(461,354,1052,4,'Mitchell Perry','Perry'),(339,355,1052,4,'Mitchell','Perry'),(340,356,370,4,'Tom','Perry'),(341,357,1053,4,'Jody','Perry'),(342,358,65,4,'Bill','Pottratz'),(343,359,1054,4,'David','Pugh'),(344,360,1055,4,'Tushar','Ramesh'),(345,361,1056,4,'Sarah','Ray'),(346,362,1057,4,'Jacob','Reed'),(347,363,1058,4,'Jim','Reed'),(502,363,1057,4,'Jacob','Reed'),(348,364,1059,4,'Baylee','Reid'),(349,365,1060,4,'Tatum','Reid'),(350,366,1061,4,'Lee','Richert'),(351,367,1062,4,'Trip','Richert'),(352,368,1063,4,'Danny','Riggs'),(353,369,1064,4,'Joe','Roberts'),(354,370,1065,4,'Jesse','Robison'),(355,371,1066,4,'Austin','Rodenberry'),(356,372,1067,4,'Erik','Rodenberry'),(357,373,1068,4,'Rich','Rodriguez'),(358,374,1068,4,'Rich','Rodriguez'),(359,375,1070,4,'Robert','Rolfsen'),(362,378,1073,4,'Miriam','Russell'),(363,379,1074,4,'Bill','Ruta'),(364,380,759,4,'Betsy','Salisbury'),(365,381,613,4,'Stephen','Samaras'),(366,382,674,4,'Hans','Samios'),(367,383,1076,4,'frances','samios'),(368,384,1077,4,'Robert','Sanek'),(369,385,1078,4,'Gene','Scherer'),(370,386,1079,4,'Phil','Schmidt'),(371,387,1080,4,'Peter','Scott'),(372,388,1081,4,'William','Scott'),(373,389,1082,4,'josh','sheffield'),(625,389,1622,4,'Laura Sheffield','sheffield'),(374,390,1083,4,'Amy','Sheil'),(375,391,1084,4,'Tim','Sheil'),(376,392,1085,4,'David','Shockley'),(377,393,1086,4,'Steffan','Slater'),(378,394,408,4,'George','Sledge'),(650,394,1087,4,'Raney','Sledge'),(651,394,1088,4,'Searcy','Sledge'),(379,395,1087,4,'Raney','Sledge'),(380,396,1088,4,'Searcy','Sledge'),(381,397,1556,4,'Steve','Sloan'),(382,398,1090,4,'Colson','Smith'),(383,399,1091,4,'Mitchell','Sowers'),(384,400,1092,4,'Tara','Sprinkle'),(385,401,1093,4,'Harold','Sprinkle'),(386,402,1094,4,'Harsha','Srikakolapu'),(387,403,1095,4,'Bill','Steely'),(388,404,798,4,'Eric','Stewart'),(389,405,1096,4,'Don','StJohn'),(390,406,1097,4,'Eric','StJohn'),(391,407,1098,4,'Michael','Streeter'),(392,408,1099,4,'Robert','Stuart'),(393,409,1100,4,'Ed','Tate'),(394,410,1101,4,'Jimmie','Taylor'),(395,411,1102,4,'Dwayne','Teague'),(396,412,1103,4,'Joe','Thurston'),(397,413,1104,4,'Christopher','Thurston'),(398,414,1105,4,'Richard','Todd'),(399,415,489,4,'Bill','Trappett'),(400,416,108,4,'Troy','Trulock'),(402,418,1107,4,'Daniel','Unger'),(403,419,1108,4,'Tacey','Viegas'),(404,420,1109,4,'Jenny','vonJouanne'),(405,421,1110,4,'Roger','vonJouanne'),(406,422,1112,4,'Emanuel','Waddell'),(470,422,1111,4,'Emanuel Waddell III','Waddell'),(407,423,1112,4,'Khalil','Waddell'),(408,424,1113,4,'Kerwin','Wade'),(409,425,1114,4,'Michael','Wadley'),(410,426,1115,4,'Nicholas','Wadley'),(411,427,645,4,'Curtis','Walker'),(412,428,1116,4,'Michael','Watts'),(413,429,1117,4,'Tucker','Watts'),(414,430,1118,4,'Richard','White'),(415,431,1119,4,'John','Willcox'),(416,432,1120,4,'Brian','Worden'),(417,433,532,4,'Scott','Worley'),(777,433,1708,4,'Emily Worley','Worley'),(418,434,1121,4,'Chet','Wright'),(419,435,1122,4,'Joshua','Wynja'),(420,436,1123,4,'Karl','Wynja'),(421,437,1124,4,'Grant','Zhang'),(484,437,1424,4,'Justin','Zhang'),(485,437,1425,4,'Claire','Zhang'),(422,438,1072,4,'Mark','Rosewell'),(701,438,1646,4,'Holly','Rosewell'),(423,439,1146,1,'Jeffrey','Conquest'),(424,440,1020,4,'Tim','Malone'),(872,440,1686,4,'Alexander Malone','Malone'),(425,441,1147,1,'Greg','Bayuga'),(426,441,1148,1,'Bradley','Bayuga'),(428,442,1103,4,'Joe','Thurston'),(429,443,1025,4,'Tyler','Melick'),(430,444,1104,4,'Chris','Thurston'),(431,445,0,1,'Yasunao','Murata'),(432,446,180,1,'Frank','Dragna'),(433,447,506,1,'Michael','Gubert'),(442,447,713,1,'Kimberly','Gubert'),(434,448,1106,4,'jeff','unger'),(435,449,1107,4,'Daniel','Unger'),(436,450,0,1,'Ollie','Hatchett'),(437,451,747,16,'Moises','Ramirez'),(440,452,0,1,'George','Knapp'),(444,453,949,4,'Thomas','Eberle'),(446,454,717,1,'David','Miller'),(447,455,1160,1,'Luis Miguel','larteaga'),(774,455,1707,1,'Ana','larteaga'),(448,456,1161,1,'Andrew','Dollarhide'),(449,457,1441,1,'David','Hurt'),(499,457,1430,1,'Lauren','Hurt'),(450,458,1162,1,'Missy','Belisle'),(451,459,899,1,'Rodney','Etzel'),(973,459,2069,1,'Brooke','Etzel'),(452,460,0,4,'seunghee','lee'),(454,462,391,4,'Sangman Lee','lee'),(620,462,1005,4,'Seunghee Lee','lee'),(621,462,1004,4,'Junsup Lee','lee'),(622,462,1003,4,'Hyungsup Lee','lee'),(455,463,0,4,'hyungsup','lee'),(456,464,970,4,'Julie','Graham'),(457,465,1078,4,'Gene','Scherer'),(458,466,0,1,'Scott','Magers'),(459,467,0,1,'shawn','lance'),(463,689,1410,1,'Jason','Gallaspy'),(466,690,455,1,'David','Lakin II'),(467,691,1149,1,'casey','funderburk'),(469,693,645,4,'Curtis','Walker'),(473,696,0,4,'David','Johnston'),(475,697,1417,4,'Kathy','Biddlecombe'),(476,698,1126,4,'Ashesh','Patel'),(477,698,1418,4,'Seema','Patel'),(479,700,1420,4,'Allen','Tucker'),(480,701,1421,4,'Mike','Furno'),(481,702,1422,4,'Jeffery','Van Scoy'),(482,703,1423,4,'Ralph','Borja'),(483,704,1134,4,'Doug','Rossetti'),(486,705,1426,4,'Bin','Lin'),(487,706,1427,4,'Jack','McCarthy'),(488,707,1428,4,'Marc','Johnson'),(490,708,1430,1,'Lauren','Hurt'),(491,709,1431,4,'Cristina','Worcester'),(492,710,1432,4,'Shannon','Enfinger'),(493,711,1416,4,'Ken','Shipman'),(832,711,1437,4,'Amanda Pettus','Shipman'),(833,711,1436,4,'Rebecca Harness','Shipman'),(494,712,2091,1,'Joe Roberts','Roberts'),(495,713,1156,1,'Douglas','Albright'),(496,714,1155,1,'Zachary','Stovall'),(497,714,1433,1,'Tyler','Stovall'),(498,715,1436,4,'Rebecca','rharness'),(503,717,0,4,'Doug','Rossetti'),(504,718,0,4,'Daniel','Downs'),(505,719,1437,4,'Amanda','Pettus'),(506,720,1440,4,'Jeff','Farmer'),(507,721,0,4,'Marc','Johnson'),(508,722,1437,4,'Amanda','Pettus'),(509,723,1558,4,'Michael','Jarrell'),(510,724,0,1,'Glen','Long'),(511,725,202,1,'Dirk','Carson'),(512,726,1038,1,'Michael','Murphy'),(513,727,0,1,'Peter','Crosbie'),(514,728,1442,1,'Randy','Gant'),(515,729,1095,4,'Bill','Steely'),(516,730,1434,1,'Stephen','Berry'),(517,731,0,1,'Jason','Pitts'),(518,732,1442,1,'Randy','Gant'),(519,733,1417,4,'Kathy','Biddlecombe'),(520,734,0,1,'mike','armstrong'),(521,735,1080,4,'Peter','Scott'),(710,735,1081,4,'William Scott','Scott'),(522,736,1033,4,'Mark','Morigda'),(523,737,0,4,'Gene','Scherer'),(524,738,0,11,'bob','ellington'),(525,739,0,4,'Mike','Furno'),(526,740,1551,11,'Eric','Folk'),(527,741,0,1,'Phillip','Thompson'),(528,742,1477,1,'Fred','Fred Thomas'),(764,742,1705,1,'Cameron','Fred Thomas'),(529,743,1062,4,'Trip','Richert'),(530,744,1095,4,'Bill','Steely'),(531,745,0,4,'Bill','Steely'),(532,746,0,4,'bill','steely'),(533,747,0,4,'WG','Steely Jr'),(534,748,0,4,'Nancy','Conaway'),(535,749,0,4,'Lynn','Boyd'),(536,750,1068,4,'Rich','Rodriguez'),(540,754,1488,1,'Ethan','Mitchell'),(541,754,1489,1,'Hannah','Mitchell'),(542,755,0,1,'greg','mcreynolds'),(544,756,1490,4,'Connor','Cook'),(647,756,1513,4,'Kaitlyn','Cook'),(545,757,877,4,'David','Hutchinson'),(546,758,0,4,'Connor','Cook'),(547,759,0,4,'emanuel','waddell'),(550,760,1135,4,'joseph','stiene'),(551,761,1062,4,'Trip','Richert'),(552,762,0,4,'Susan','Rossetti'),(553,763,0,1,'Mike','Whyte'),(554,764,693,4,'Zane','Slocumb'),(555,765,1516,4,'Mike','Foust'),(556,766,1511,4,'Robert','Bradley'),(557,767,0,4,'Dawn Faust','Dawn Faust'),(558,768,0,4,'Fred','White'),(559,769,0,4,'Les','Wilson'),(560,770,0,4,'James Taylor','Taylor'),(561,771,0,4,'Nicole','Paradis'),(562,772,0,4,'Emily','Baker'),(563,773,0,4,'Nanette','Atras'),(564,774,0,4,'Ken','Victoria'),(565,775,0,4,'David','Pratt'),(566,776,1474,4,'Les','Wilson'),(567,777,0,4,'Stacey','Lovelock'),(568,778,1067,4,'Erik','Rodenberry'),(590,778,1559,4,'Austin','Rodenberry'),(571,780,0,4,'gary','burns'),(572,781,0,4,'Teresa','Payne'),(573,782,0,4,'Glenda','Atkins'),(574,783,0,4,'Jennifer','Perritt'),(575,784,0,4,'Ryan','Kutche'),(576,785,0,4,'Marco','Mucci'),(577,786,1510,4,'Lewie','Bates'),(578,787,0,4,'James','Moore'),(579,788,0,4,'Alexandra','Ford'),(580,789,1523,4,'Corey','Palm'),(581,790,0,4,'Nita','clark'),(584,791,0,4,'shayshay','Appling'),(585,792,0,4,'Joe','Thurston'),(658,792,1025,4,'Christopher Thurston','Thurston'),(586,792,1025,4,'Tyler Melick','Thurston'),(587,793,1538,4,'shay','appling'),(588,794,1066,4,'Austin','Rodenberry'),(591,795,1514,4,'Barrett','Elder'),(592,796,0,4,'Jason','Conroy'),(593,797,0,4,'Andrew','Loo'),(595,798,1513,4,'Kaitlyn','Cook'),(652,798,1490,4,'Connor','Cook'),(596,799,502,11,'Mike','Thomason'),(612,799,1549,11,'Casey Thomason','Thomason'),(597,800,961,4,'Camille','Forte'),(598,801,0,1,'Joey','Koelbl'),(599,802,1518,4,'Joey','Koelbl'),(602,803,0,4,'Nancy','Raaflaub'),(603,804,1674,4,'Ray Cassell','Cassell'),(605,806,1446,4,'Larry','Stanbery'),(606,807,106,4,'Harvey','Payne'),(817,807,1048,4,'Lauren','Payne'),(907,807,1912,4,'Blake','Payne'),(607,808,939,4,'Les','Daniel'),(953,808,1917,4,'James Daniel','Daniel'),(1069,808,2103,4,'Nathan Daniel','Daniel'),(608,809,1539,4,'Kim','Krome'),(696,809,1505,4,'Mark Krome','Krome'),(609,810,1522,4,'Sam','Ortega'),(1126,810,2145,4,'Solomon','Ortega'),(610,811,0,4,'Jose Forero','Forero'),(611,812,1541,4,'Gordon','Livingston'),(613,813,1603,4,'Martin','Draper'),(614,814,0,4,'Brittany','Walsh'),(615,815,1054,4,'David','Pugh'),(616,816,1560,10,'Jennifer','Bachman'),(1100,816,0,10,'Robert Bachman','Bachman'),(617,817,1637,4,'James','Green'),(618,818,0,4,'cheryl','rowe'),(623,819,0,4,'Thomas Sommerkamp','Thomas Sommerkamp'),(727,819,0,4,'William Sommerkamp','Thomas Sommerkamp'),(624,820,1118,4,'Richard','White'),(626,821,1111,4,'Emanuel','Waddell'),(627,821,1649,4,'emanuel waddell 3','Waddell'),(628,821,1112,4,'Khalil Waddell','Waddell'),(949,821,0,4,'Kendyl Waddell','Waddell'),(629,822,1594,4,'Matthew','Chan'),(630,823,1553,11,'Ashlund','Nicholas'),(631,824,1552,11,'Bob','Ellington'),(632,825,0,0,'','matthewchan'),(633,826,1546,11,'Shannon','Grubbs'),(634,826,1548,11,'Olivia','Grubbs'),(635,826,1547,11,'Paul','Grubbs'),(636,827,1536,4,'Brittany','Walsh'),(637,828,1593,4,'Mary','McManus'),(638,829,875,4,'Susan','Rossetti'),(642,829,1134,4,'Doug','Rossetti'),(643,829,1527,4,'Nate','Rossetti'),(644,829,1528,4,'Nick','Rossetti'),(639,830,1569,11,'joe','hutton'),(640,831,968,4,'Will','Goins'),(641,832,0,11,'Scott','Moore'),(645,833,1550,11,'Eric','Folk'),(649,835,1411,11,'Ken','Adams'),(654,836,1573,11,'Gary','Doran'),(716,836,1693,11,'Justin Doran','Doran'),(655,837,1615,7,'Alexander','Steel'),(921,837,1851,7,'Katherine Steel','Steel'),(656,838,0,4,'Kelly','Aschenbrenner'),(657,839,1544,11,'Gene','Uhl'),(1108,839,2133,11,'Shannon','Uhl'),(659,840,389,11,'Rosalio','Rodriguez'),(660,840,1555,11,'Connie','Rodriguez'),(661,840,1554,11,'Leo III','Rodriguez'),(662,841,0,1,'Frank','Dragna'),(663,842,1161,1,'Andrew','Dollarhide'),(664,843,0,1,'Lee','Daniels'),(665,844,972,4,'mjgravel','Gravel'),(666,845,720,1,'Jeff','Sallas'),(667,846,0,11,'Benny','Reed'),(668,847,0,11,'Roberta','King'),(669,847,0,11,'Kyle King','King'),(670,847,0,11,'','King'),(671,848,1543,11,'Richard','Byrom'),(673,849,0,1,'Karen','Farlow'),(674,850,1610,4,'David','Owens'),(675,851,0,11,'Eric','Booher'),(676,852,1597,4,'Alexander','Black'),(711,852,1598,4,'Alexander Black','Black'),(677,853,0,4,'Steve','Hicks'),(679,855,0,4,'Don','Neal'),(680,856,1640,4,'sam','knapp'),(681,856,0,0,'','knapp'),(682,857,0,4,'Michael','Baerlin'),(683,858,1136,4,'Dane Bagley','Bagley'),(684,858,1596,4,'Thomas Bagley','Bagley'),(685,859,0,4,'John','Willcox'),(686,860,695,4,'Angela','Hatch'),(687,860,1608,4,'Katrina','Hatch'),(688,861,0,4,'Holly','Allen'),(689,862,0,4,'Thomas','Perry'),(690,863,0,4,'Nancy','Conaway'),(691,864,0,4,'John Mortimer','mortimer'),(785,864,1642,4,'Kevin Mortimer','mortimer'),(784,864,1034,4,'Bryan Mortimer','mortimer'),(786,864,0,4,'Kyle Mortimer','mortimer'),(692,865,1642,4,'Kyle','Mortimer'),(693,866,0,4,'Shonna','Stanislaw'),(694,867,1539,4,'Kim Krome','KKrome'),(697,868,1680,4,'Dillon','Collier'),(698,869,1469,4,'Shawn','Dennison'),(699,870,1673,4,'Briseida','Cardwell'),(702,871,1511,4,'Kathryn','Bradley'),(703,872,1675,4,'Dan','Byers'),(704,873,0,1,'Dillon','Collier'),(705,874,1724,4,'Mark','Finke'),(706,875,1724,4,'Mark','Finke'),(707,876,1632,4,'Dennis','Abreo'),(708,877,0,11,'Mark','Swafford'),(709,878,1419,4,'Bobby','Lehman'),(712,879,1567,1,'Chris','steely'),(996,879,2078,1,'Cheryl','steely'),(713,880,1611,4,'Svenja','Ritter'),(714,881,1553,11,'Ashlund','Nicholas'),(1192,882,1693,11,'Gary','Doran'),(718,882,1573,11,'Justin','Doran'),(719,883,0,11,'Ken','Adams'),(720,884,1545,11,'Orie','Cecil'),(1013,886,1695,7,'Jim','Meehan'),(840,886,1793,7,'Will Meehan','Meehan'),(1014,886,2056,7,'James Michael','Meehan'),(723,887,1639,4,'charles','knapp'),(933,887,0,4,'','knapp'),(934,887,1639,4,'Samuel Knapp','knapp'),(724,888,1606,4,'Jose','Forero'),(726,889,1721,4,'Kevin Mortimer','Mortimer'),(728,890,1643,4,'Christine','Neal'),(804,890,1644,4,'Peter Ostensoe','Neal'),(729,891,1614,4,'Will','Sommerkamp'),(730,891,1613,4,'Tom','Sommerkamp'),(732,892,1653,11,'Crystal','England'),(733,892,1694,11,'Travis','England'),(734,893,1697,4,'Chip','Lang'),(735,894,1696,1,'Bryan','bacahern'),(736,895,0,6,'Tim','Holt'),(737,896,0,7,'Jimmy','Dunning'),(738,897,1698,4,'Jackson','Cousart'),(739,898,1645,4,'Vatsal','Patel'),(749,898,1645,4,'','Patel'),(740,899,1090,4,'Stuart','Smith'),(741,900,0,4,'elizabeth','elizabeth meacham'),(742,900,0,4,'terry','elizabeth meacham'),(743,901,1703,4,'Helen Williams','Williams'),(744,902,1699,4,'elizabeth','meacham'),(745,902,1700,4,'terry','meacham'),(746,903,1631,1,'Lamar','Young'),(747,904,1071,4,'Christian','Rosewell'),(748,905,1692,4,'Helen','Topp'),(750,906,1604,4,'Stephen','Fagg'),(751,907,0,4,'terry','meacham'),(752,908,1647,4,'Anjaiah','Utlapalli'),(753,908,1648,4,'Shravya Utlapalli','Utlapalli'),(754,909,1155,1,'Zachary','Stovall'),(755,910,1685,4,'kim','laeupple'),(756,911,1701,1,'Mark','Swanson'),(757,911,1318,1,'Elaine','Swanson'),(1003,911,2075,1,'Nash','Swanson'),(758,912,1702,1,'Scott','Gardiner'),(759,913,1549,11,'Casey','Thomason'),(760,914,546,1,'Terry','Hardy'),(761,915,1704,1,'Melody','Dodd'),(762,916,610,1,'Steve','Ward'),(763,917,1472,1,'Jeremy','Meyer'),(765,918,768,4,'Terry','Parker'),(766,919,1706,1,'Jon','Elliott'),(767,920,1160,1,'Luis','Arteaga'),(768,920,1707,1,'Ana','Arteaga'),(769,921,1709,1,'Ben','Willis'),(770,922,1633,4,'Tatjana','Acker'),(773,923,1682,4,'Thomas','Gormley'),(776,924,1090,4,'Colson','Smith'),(779,925,1605,4,'Kaylin','Farmer'),(780,926,1636,4,'Ethan','Downs'),(781,927,597,1,'Bill','Byrd'),(782,928,1318,1,'Elaine','Swanson'),(783,928,1701,1,'Mark','Swanson'),(1002,928,2075,1,'Nash','Swanson'),(787,929,992,4,'Dean','Johnson'),(788,930,389,1,'Rosalio','Rodriguez'),(811,930,1555,11,'Connie Rodriguez','Rodriguez'),(812,930,1554,11,'Leo Rodriguez','Rodriguez'),(789,931,0,4,'Sarah','McNeely'),(792,932,0,11,'james','jay'),(793,933,912,4,'Catherine','Baughn'),(794,934,0,11,'Penny','Wood'),(795,935,1690,4,'Mitsu','Patel'),(796,936,1689,4,'Himisha','Patel'),(797,937,1688,4,'Dwiti','Patel'),(800,938,1691,4,'Beth','Tatum'),(802,940,1644,4,'Peter','Ostensoe'),(803,940,1643,4,'Christine Neal','Ostensoe'),(805,941,1684,4,'Robert','Jones'),(806,942,1634,4,'Philip','Benefield'),(807,943,1683,4,'Jennifer','Hawkins'),(810,946,1692,4,'Helen','Topp'),(813,947,0,5,'Martin','McGovern'),(814,948,1635,4,'Malinda','Collum'),(819,950,731,11,'Mark','Kolesar'),(820,951,1612,4,'Jairus','Schwartz'),(821,952,1639,4,'sknapp','knapp'),(822,953,0,1,'sam','knapp'),(823,954,1493,4,'Randy','Miller'),(1017,954,2088,4,'Brandy Miller','Miller'),(824,955,1725,4,'Ken','Jackson'),(826,956,1566,1,'Ron','Lamm'),(827,957,899,1,'Rodney','Etzel'),(961,957,2069,1,'Brooke','Etzel'),(828,958,1727,4,'Lauren','Cowell'),(829,958,1681,4,'Anthony','Cowell'),(830,959,1436,4,'Rebecca','Harness'),(831,960,1437,4,'Amanda','Pettus'),(834,961,1477,1,'Fred','Thomas'),(835,962,877,4,'David','Hutchinson'),(836,963,614,4,'Greg','Weber'),(1128,963,2146,4,'John','Weber'),(839,965,327,1,'Alan','Moore'),(841,966,1752,7,'David','Dodd'),(842,967,1590,7,'Todd','Owen'),(843,968,0,7,'John','Fee'),(845,968,0,7,'Cody','Fee'),(844,969,1827,7,'Andrew White','White'),(846,970,1576,7,'John','Jordan'),(847,971,1773,7,'David','Jager'),(848,972,1748,7,'Janet','Davis'),(849,972,1749,7,'Matt','Davis'),(850,973,1833,7,'the dude','Woodsinger'),(851,973,481,7,'discmon','Woodsinger'),(852,974,1808,7,'Darren','Reed'),(853,975,1818,7,'Jeff','Thompson'),(854,976,1830,7,'Ethan','Bruton'),(855,977,0,7,'Matthew','Caneer'),(856,978,1808,7,'Darren','Reed'),(857,979,773,7,'Brian','Lagasse'),(858,979,1845,7,'Patrick','Lagasse'),(859,979,1777,7,'Matthew','Lagasse'),(860,980,1843,7,'Kathy','Hightower'),(887,980,1769,7,'Al','Hightower'),(888,980,1770,7,'Chip','Hightower'),(889,980,1844,7,'Sarah Grace','Hightower'),(861,981,1729,7,'Paul','Adams'),(862,982,0,7,'mark','maness'),(863,983,778,7,'Scot','Holder'),(864,984,0,7,'Alan','Hislop'),(865,985,0,1,'Allen Campbell','Allen Campbell'),(866,986,1579,7,'Tom','Fluker'),(867,987,1272,7,'chris','hanks'),(868,988,1762,7,'martin','garding'),(869,989,1581,7,'Alan Villanueva','Villanueva'),(1001,989,1825,7,'Carmen Villanueva','Villanueva'),(1155,989,1581,7,'Alan Villanueva Jr','Villanueva'),(1154,989,1581,7,'Elizabeth Villanueva','Villanueva'),(871,990,788,7,'Jeff','Skinner'),(873,991,0,1,'Pat','Williams'),(874,992,1840,7,'James','Farmer'),(875,993,1467,7,'Courtney','Batt'),(886,993,0,7,'Courtney Batt','Batt'),(876,994,0,7,'mike','watts'),(877,995,373,7,'Tom','Keene'),(878,996,195,7,'Ken','Brown'),(1163,996,1834,7,'Daphne Brown','Brown'),(879,997,1826,7,'Kathleen','Wachs'),(881,998,0,7,'Seth','Hauenstein'),(894,998,1767,7,'Kellie','Hauenstein'),(882,999,1880,7,'Paul','Sapp'),(883,999,1811,7,'LeeAnn','Sapp'),(884,1000,652,7,'Debbie','Farmer'),(1153,1000,2129,7,'Rebekah','Farmer'),(1165,1000,1840,7,'James','Farmer'),(885,1001,1756,7,'Chris','Erickson'),(890,1002,1729,7,'Paul','Adams'),(891,1002,1729,7,'Elizabeth','Adams'),(892,1003,1847,7,'Alan','Moore'),(895,1005,1835,7,'Glenn','Cantley'),(897,1007,0,7,'Alan','Hislop'),(898,1008,1775,7,'Kelley','Johns'),(899,1009,0,7,'Lynn','Lloyd'),(900,1010,1753,7,'Loyd','Doering'),(901,1011,782,4,'Scott','Patterson'),(902,1012,0,1,'Scott','Patterson'),(903,1013,1908,4,'Cody','Wheeler'),(904,1014,1910,4,'Dave Sligh','Sligh'),(905,1014,1911,4,'Adym McClain','Sligh'),(906,1015,1913,4,'Joshua','Hawkins'),(908,1016,1915,4,'SAID','BELHADJ'),(909,1016,1916,4,'Ahmed','BELHADJ'),(912,1017,1482,7,'Katrina','Morgan'),(914,1019,1917,4,'James','Daniel'),(915,1020,1885,7,'Scott','Jeziorski'),(916,1021,0,7,'Tom','Keene'),(917,1022,1738,7,'Stacy','Cantrell'),(918,1023,0,1,'Anna','Raebel'),(919,1024,1756,7,'Chris','Erickson'),(920,1025,1795,7,'Mike','Moran'),(922,1026,1757,7,'John','Fee'),(923,1026,0,7,'Cody Fee','Fee'),(924,1027,1753,7,'Loyd','Doering'),(925,1028,0,7,'Chris','Neilly'),(926,1029,0,11,'Damien','Benson'),(927,1030,0,4,'Michael','Parker'),(928,1031,1644,4,'Peter','Ostensoe'),(1175,1031,1643,4,'Christine','Ostensoe'),(929,1032,0,7,'Don','Masterson'),(930,1033,0,11,'Debbie','Pike'),(931,1034,0,7,'Mike','Damon'),(932,1035,1980,11,'Nori','Neal'),(935,1036,2046,4,'Stephen','Marenka'),(936,1037,149,4,'David','Tonn'),(937,1038,1837,7,'Cathy','Farless'),(938,1039,0,7,'DeJuan Lamar','DeJuan'),(939,1039,0,7,'Lisa Martchinske','DeJuan'),(940,1040,0,1,'perry','vanderford'),(941,1041,0,7,'perry','vanderford'),(942,1042,1539,4,'Kim','Krome'),(943,1043,1505,4,'Mark','Krome'),(944,1044,0,1,'Chris','Steely'),(946,1044,0,1,'Cheryl','Steely'),(947,1045,0,1,'Darryl','Anderson'),(948,1046,0,11,'Nori','Neal'),(950,1047,0,11,'jeff','kokjohn'),(951,1048,0,7,'Shawn','Farmer'),(952,1049,0,4,'Drew','Tidwell'),(954,1050,0,7,'Joe','Dodson'),(955,1050,0,7,'joseph Dodson','Dodson'),(956,1051,1927,4,'Federico','Morales'),(968,1051,2068,4,'Frank','Morales'),(957,1052,1780,7,'John Lewis','Lewis'),(959,1053,1795,7,'Michael','Moran'),(960,1054,2043,1,'Cindy','Vechinski'),(974,1054,2042,1,'Darien Vechinski','Vechinski'),(962,1055,1496,4,'Conrad','Daneri'),(963,1056,2048,1,'Art','Monrovia'),(964,1057,2004,1,'Aleksandar','Milenkovic'),(965,1058,0,7,'Emma','Lynch'),(966,1059,0,1,'Darien','Vechinski'),(969,1060,2055,7,'Lauri','Matis'),(970,1060,2036,7,'Lindsay','Matis'),(971,1061,2069,1,'Brooke','Etzel'),(972,1062,1486,7,'Denis','Webster'),(975,1063,1953,11,'Randall','Shepard'),(976,1064,0,7,'JIMMY','DUNNING'),(977,1065,2053,7,'darrell','jones'),(978,1066,2076,1,'Ralph','Yeardley'),(979,1067,2035,7,'Aaron','Stickley'),(980,1068,2045,11,'jacob','wilt'),(981,1068,2044,11,'Matt','wilt'),(982,1069,0,4,'Tom','Persons'),(983,1070,0,1,'david','miller'),(984,1071,0,7,'Ernest','Ernest Limbo'),(985,1072,1731,7,'Donny','Barnes'),(986,1073,1054,4,'David','Pugh'),(987,1074,2070,1,'Brandon','Doyle'),(988,1075,2071,1,'Forrest','Evans'),(989,1076,2072,1,'Tommy','Guzowski'),(990,1077,292,1,'Kristen','Goode'),(991,1078,2087,1,'Mark','Williamson'),(992,1079,751,1,'Michael','Flachbart'),(994,1080,0,1,'Cheryl','Steely'),(995,1081,2074,1,'Victor','Pritchett'),(997,1082,2077,1,'Gabriel','Castiglione'),(998,1083,1805,7,'Thomas','Raebel'),(999,1084,2073,1,'Jay','Hammer'),(1000,1085,0,11,'kala','barr'),(1004,1086,2090,4,'Sam','Benefield'),(1005,1087,601,1,'Xingzhong','Shi'),(1006,1088,0,11,'Nori','Neal'),(1007,1089,606,1,'David','Dutton'),(1009,1090,0,1,'James Bennett','Bennett'),(1010,1091,2034,7,'Auria','Agrinzoni'),(1011,1092,2038,7,'Katie','Willem'),(1015,1093,2088,4,'Brandy Miller','Miller'),(1016,1094,2101,1,'James','Bennett'),(1018,1095,1713,4,'Corbin','Holland'),(1019,1096,2087,1,'mark','williamson'),(1020,1097,0,7,'Kellie','Hauenstein'),(1021,1097,0,7,'Seth Hauenstein','Hauenstein'),(1022,1098,613,4,'Stephen','Samaras'),(1023,1099,0,4,'abdallah','abuspetani'),(1024,1100,1583,7,'Harlan','Earp'),(1025,1101,742,1,'Bobby','Ross'),(1102,1101,719,1,'Robert','Ross'),(1026,1102,2095,1,'Judith','Marples'),(1027,1103,2119,4,'Christian Noack','Noack'),(1028,1104,2099,1,'Aaron Luchini','Luchini'),(1029,1105,1155,1,'Zachary','Stovall'),(1096,1105,1433,1,'Tyler Stovall','Stovall'),(1097,1105,2104,1,'Christina Stovall','Stovall'),(1030,1106,2094,1,'Lee','Heifner'),(1031,1107,2096,1,'Ward','Stirling'),(1032,1108,2092,1,'DaJuan','Tillman'),(1033,1109,2100,1,'Christopher Weekley','Weekley'),(1034,1110,0,4,'Heather','Toler'),(1035,1111,2006,1,'Chris','Boyer'),(1036,1112,2017,1,'Benson','Bader'),(1037,1113,431,1,'Peter','Kurth'),(1038,1114,2093,1,'David','Mitchell'),(1039,1115,264,1,'Kim','Goode'),(1040,1115,292,1,'Kristen Goode','Goode'),(1041,1116,0,4,'Mark','Davis'),(1042,1117,0,11,'Kala','Barr'),(1043,1118,1696,1,'Bryan','Ahern'),(1044,1119,2114,4,'Austin','Walker'),(1045,1120,0,4,'Aaron','Smith'),(1046,1121,979,4,'Paul','Hager'),(1047,1122,992,4,'Dean','Johnson'),(1048,1123,0,7,'Paul','Prichard'),(1049,1124,2105,1,'Tim','Bryson'),(1050,1125,0,11,'Christy','Tate'),(1051,1126,0,4,'Ashesh','Patel'),(1052,1127,1621,1,'Joseph','Cuzzort'),(1053,1128,379,7,'bob','becher'),(1054,1129,1476,1,'Peter','McCoy'),(1055,1130,0,11,'Jeff','Sellers'),(1056,1131,0,5,'Steve','Williams'),(1057,1132,1855,7,'Russell','Kucinski'),(1058,1133,475,4,'Stephen','Benson'),(1059,1134,2106,1,'Melody','Helms'),(1060,1135,2092,1,'DaJuan','Tillman'),(1061,1136,2089,4,'Matthew','Clemens'),(1062,1137,2109,11,'Lea','Chandler'),(1063,1138,2107,1,'Doug','Whitlock'),(1064,1139,2028,7,'Paul','Noller'),(1065,1139,2058,7,'Lauren','Noller'),(1066,1140,2077,1,'Gabe','Castiglione'),(1067,1141,2067,4,'Taylor','Wickham'),(1068,1141,2067,4,'','Wickham'),(1070,1142,1434,1,'Stephen','Berry'),(1071,1143,2132,1,'Tom','LaBerenz'),(1072,1144,2112,1,'Neil','Jensen'),(1073,1145,0,7,'Jackie','Criswell'),(1074,1146,372,7,'Andy','Tichow'),(1076,1147,2113,11,'Jeff','Sellers'),(1077,1148,1767,7,'Kellie','Hauenstein'),(1098,1148,2121,7,'Reese','Hauenstein'),(1099,1148,2122,7,'Seth','Hauenstein'),(1158,1148,1206,7,'Mixay Phonthibsvads','Hauenstein'),(1080,1149,647,7,'Denis','Schaffer'),(1081,1150,0,5,'Michael','Fulkerson'),(1082,1151,2003,1,'David','Everly'),(1083,1152,0,1,'georgine','cardamone'),(1084,1153,2102,1,'James','turnage'),(1085,1154,0,7,'Christopher','Lynam'),(1086,1155,0,1,'greg','frady'),(1087,1156,1458,4,'Jay','Crosby'),(1094,1156,2116,4,'LouAnn','Crosby'),(1088,1157,0,1,'Heather','Fields'),(1089,1158,769,4,'Rick','Manis'),(1090,1159,0,7,'Alan','Hislop'),(1091,1160,2123,7,'Tom','Lawson'),(1092,1161,2098,1,'Wade','Vickery'),(1093,1162,2116,4,'LouAnn','Crosby'),(1095,1163,0,1,'David','Ramsden'),(1101,1164,1508,4,'Donald','Neal'),(1103,1165,2125,7,'Ed','Ahl'),(1104,1166,2133,11,'Shannon Uhl','Uhl'),(1105,1167,2131,4,'Aaron','Smith'),(1106,1168,2003,1,'David','Everly'),(1109,1169,2050,7,'Derek','Emmerson'),(1110,1170,2111,11,'roger','chrisman'),(1111,1171,0,7,'Eric','Batt'),(1112,1171,1467,7,'','Batt'),(1113,1172,0,4,'andrew','tidwell'),(1114,1173,0,1,'Lee','Daniels'),(1115,1174,1135,4,'joseph','stiene'),(1116,1175,2065,4,'Hazim','Muhammad'),(1117,1175,1035,4,'Mateen Muhammad','Muhammad'),(1118,1176,1934,4,'ABDALLAH','ABUSPETANI'),(1119,1177,2140,4,'Wanda','le Roux'),(1120,1178,1506,4,'Patrick','Willis'),(1121,1179,2135,4,'Jason','Matheney'),(1122,1180,2134,4,'Mike','Burrows'),(1123,1181,2138,4,'Patrick','Laney'),(1124,1182,2143,4,'melvin','cleveland'),(1125,1183,0,4,'Solomon','Ortega'),(1127,1184,1934,4,'ABDALLAH','ABUSPETANI'),(1129,1185,2137,4,'Christopher','Burrows'),(1130,1186,0,4,'Angela','Cheatham'),(1131,1187,2136,4,'james','forte'),(1133,1188,1551,11,'Alex','Folk'),(1134,1189,0,7,'Frederick','Gant'),(1135,1190,1583,7,'Harlan','Earp'),(1136,1191,1945,7,'Brandon Dewberry','dewberry'),(1137,1191,2049,7,'Forest Dewberry','dewberry'),(1160,1191,2149,7,'Caroline Dewberry','dewberry'),(1139,1192,0,7,'Stacy','Cantrell'),(1140,1193,1940,4,'Savannah','McCullough'),(1141,1194,2147,7,'Matt','Moore'),(1142,1195,0,11,'Casey','Thomason'),(1143,1196,1832,7,'Connor','Gillies'),(1144,1197,2148,7,'Frank','Wagner'),(1145,1198,1481,7,'Robert','Palermo'),(1146,1199,541,7,'Susan','Gillies'),(1147,1200,0,1,'lee daniels','lee daniels'),(1148,1201,1878,7,'Jeff','Jones'),(1149,1202,0,7,'Mixay','Phonthibsvads'),(1150,1203,0,7,'Thomas','Hawke'),(1151,1203,1589,7,'Nicholas Hawke','Hawke'),(1152,1204,2144,4,'Bryan','Brazelle'),(1156,1205,1944,7,'Paul','Prichard'),(1157,1206,0,7,'Mixay','Phonthibsvads'),(1159,1207,0,7,'Stacy','Cantrell'),(1161,1208,1753,7,'Loyd','Doering'),(1162,1209,2124,7,'Burton','Lynch'),(1164,1210,1921,1,'Lee Daniels','Daniels'),(1166,1211,0,4,'Neil','Sutherland'),(1167,1212,0,4,'Thomas','Sommerkamp'),(1168,1213,994,4,'Adham','Khazendar'),(1169,1214,994,4,'adham','khazendar'),(1170,1215,362,4,'M. Mazen','Khazendar'),(1171,1216,0,7,'Don','Masterson'),(1172,1217,0,7,'Geraldine','Bennett'),(1173,1218,0,7,'Matthew','Danner'),(1176,1220,0,4,'Jessica','Borrego'),(1178,1220,0,4,'Christopher Garcia','Borrego'),(1177,1221,1272,7,'chris','hanks'),(1179,1222,0,4,'Deanna','Martin'),(1180,1223,0,4,'Bryan','Ridenour'),(1181,1224,0,4,'James Kevin','Sykes'),(1182,1225,0,7,'Julie','Broadway'),(1183,1226,1583,7,'Harlan','Earp'),(1184,1227,1925,4,'Zach','le Roux'),(1185,1228,0,7,'Glenn','Tillery'),(1186,1229,0,7,'Bob Ledyard','Bob Ledyard'),(1187,1230,0,11,'Tyler','Christiansen'),(1188,1231,0,4,'Les','Wilson'),(1189,1232,0,4,'Magdi','Eltom'),(1190,1233,0,4,'ABDUL','ABUSPETANI'),(1191,1234,1472,1,'Jeremy','Meyer'),(1193,1235,2448,1,'Daryl','Granbois'),(1195,1237,0,4,'Steve','Grady'),(1196,1238,1135,4,'Joe Stiene','Stiene'),(1197,1239,0,1,'Josh','O\'Bryant'),(1198,1240,0,7,'B','E'),(1199,1241,0,1,'Brian','Dempsey'),(1200,1242,2447,1,'Hannah','Worley'),(1201,1243,0,21,'Andrew','Knedlik'),(1202,1244,0,1,'Tony','Lashley'),(1203,1245,2452,1,'Will','Caraway'),(1204,1246,0,7,'Elizabeth','Adams'),(1205,1247,0,7,'Myrtis','Thomas'),(1206,1248,0,21,'Jacob','Swann'),(1207,1249,0,21,'Michael','Krassick'),(1208,1250,0,29,'Patrick','Shipley'),(1209,1251,1584,7,'Scott','Stinson');
/*!40000 ALTER TABLE `account_person` ENABLE KEYS */;
UNLOCK TABLES;

--
-- Temporary table structure for view `account_view1`
--

DROP TABLE IF EXISTS `account_view1`;
/*!50001 DROP VIEW IF EXISTS `account_view1`*/;
SET @saved_cs_client     = @@character_set_client;
SET character_set_client = utf8;
/*!50001 CREATE TABLE `account_view1` (
  `account_id` int(10) unsigned,
  `user_name` char(40),
  `account_person_id` int(10) unsigned,
  `person_idx` int(10),
  `person_id` int(10) unsigned,
  `lname` char(40),
  `fname` char(40),
  `person_fname` char(20),
  `person_lname` char(20)
) ENGINE=MyISAM */;
SET character_set_client = @saved_cs_client;

--
-- Table structure for table `org`
--

DROP TABLE IF EXISTS `org`;
/*!40101 SET @saved_cs_client     = @@character_set_client */;
/*!40101 SET character_set_client = utf8 */;
CREATE TABLE `org` (
  `id` int(10) unsigned NOT NULL AUTO_INCREMENT,
  `org_type_id` int(10) unsigned NOT NULL,
  `keyx` char(10) NOT NULL,
  `keyxx` char(10) NOT NULL,
  `abbv` char(10) NOT NULL,
  `desc1` char(30) NOT NULL,
  `desc2` char(60) NOT NULL,
  PRIMARY KEY (`id`),
  UNIQUE KEY `i0` (`keyx`)
) ENGINE=MyISAM AUTO_INCREMENT=957 DEFAULT CHARSET=utf8;
/*!40101 SET character_set_client = @saved_cs_client */;

--
-- Dumping data for table `org`
--

LOCK TABLES `org` WRITE;
/*!40000 ALTER TABLE `org` DISABLE KEYS */;
INSERT INTO `org` VALUES (1,4,'R0894','R0894','MON','R0894 Monrovia, AL','Monrovia,Harvest,Tony AL'),(2,4,'R0391','R0391','MCM','R0391 McMinnville, TN','McMinnville TN'),(3,4,'R0402','R0402','FPAY','R0402 Ft Payne, AL','Ft Payne AL'),(4,4,'R0498','R0498','MAD','R0498 Madison, AL','Madison AL'),(5,4,'R0557','R0557','LC','R0557 Lincoln County, TN','South Lincoln, Fayetteville TN'),(6,4,'R0778','R0778','ARAB','R0778 Arab, AL','Arab AL'),(7,4,'R0160','R0160','HSV','R0160 Huntsville, AL','Huntsville AL'),(8,4,'R0914','R0914','EL','R0914 East Limestone, AL','East Limestone AL'),(9,4,'R0916','R0916','ATH','R0916 Athens, AL','Athens AL'),(10,4,'R0991','R0991','SEW','R0991 Sewanee, AL','Sewanee TN'),(11,4,'R1174','R1174','NEMC','R1174 NEMC, AL','Hazel Green, Meridianville AL'),(12,4,'R0890','R0890','LEW','R0890 Lewisburg, AL','Lewisburg AL'),(13,11,'COP','R9990','COP','R9990 Copar','HSV CoPar'),(14,11,'EXC','R9991','EXC','R9991 Excalibur','Excalibur'),(15,4,'R9999','R9999','UNK','R9999 Unknown','Unknown'),(16,4,'R1467','R1467','BWS','R1467 Blue Water','Tony AL'),(17,4,'R1565','R1565','ARD','R1565 Ardmore','Ardmore,AL'),(18,4,'R1464','R1464','CH','R1464 Chapel Hill','Chapel Hill, TN'),(19,11,'VFC','R9993','VFC','R9993 Valley','Valley'),(20,4,'R1062','R1062','ALB','R1062 Albertville','Albertville AL'),(21,4,'R0414','R0414','CULL','R0414 Cullman','Cullman, AL'),(23,11,'MA','R9994','MA','R9994 Madison Academy','Madison Academy'),(24,4,'R0773','R0773','HART','R0773 Hartselle','Hartselle'),(25,11,'ESL','R9995','ESL','R9995 ESL','Eastern Soccer League'),(26,11,'ONE','R9996','ONE','R9996 Oneonta','Oneonta'),(27,3,'AREA5C','R9980','AREA5C','R9980 Area 5C','Area 5C'),(28,4,'R0622','R0622','SR','R0622 Sand Rock','Sand Rock, Centre, AL'),(29,4,'R0128','R0128','KNOX','R0128 Knoxville','Knoxville TN'),(30,11,'HFC','R9997','HFC','R9997 Huntsville FC','Huntsville FC'),(31,11,'USC','R9998','USC','R9998 United','United Soccer Club'),(32,4,'R0001','R0001','R0001','R0001 REDWOOD CITY','REDWOOD CITY'),(33,4,'R0002','R0002','R0002','R0002 ARCADIA, DUARTE, MONROVI','ARCADIA, DUARTE, MONROVIA'),(34,4,'R0003','R0003','R0003','R0003 CLAREMONT, POMONA','CLAREMONT, POMONA'),(35,4,'R0004','R0004','R0004','R0004 AGOURA, AGOURA HILLS, CA','AGOURA, AGOURA HILLS, CALABASAS'),(36,4,'R0005','R0005','R0005','R0005 FOUNTAIN VALLEY, GARDEN','FOUNTAIN VALLEY, GARDEN GROVE, HUNTINGTON BEACH'),(37,4,'R0006','R0006','R0006','R0006 SAN PEDRO, RANCHO PALOS','SAN PEDRO, RANCHO PALOS VERDES'),(38,4,'R0007','R0007','R0007','R0007 INGLEWOOD, LADERA HEIGHT','INGLEWOOD, LADERA HEIGHTS, MARINA DEL REY'),(39,4,'R0008','R0008','R0008','R0008 ARLETA, CHATSWORTH, GRAN','ARLETA, CHATSWORTH, GRANADA HILLS'),(40,4,'R0009','R0009','R0009','R0009 THOUSAND OAKS','THOUSAND OAKS'),(41,4,'R0010','R0010','R0010','R0010 PALOS VERDES ESTATES, PA','PALOS VERDES ESTATES, PALOS VERDES PENINS., RANCHO PALOS VER'),(42,4,'R0012','R0012','R0012','R0012 LOMITA, RANCHO PALOS VER','LOMITA, RANCHO PALOS VERDES, REDONDO BEACH'),(43,4,'R0013','R0013','R0013','R0013 ALTADENA, FLINTRIDGE, LA','ALTADENA, FLINTRIDGE, LA CANADA'),(44,4,'R0014','R0014','R0014','R0014 TORRANCE WEST','TORRANCE WEST'),(45,4,'R0015','R0015','R0015','R0015 CARSON, HARBOR CITY, LOM','CARSON, HARBOR CITY, LOMITA'),(46,4,'R0016','R0016','R0016','R0016 GARDENA, LAWNDALE, NORTH','GARDENA, LAWNDALE, NORTH REDONDO'),(47,4,'R0017','R0017','R0017','R0017 HAWTHORNE, HERMOSA BEACH','HAWTHORNE, HERMOSA BEACH, INGLEWOOD'),(48,4,'R0018','R0018','R0018','R0018 HERMOSA BEACH, MANHATTAN','HERMOSA BEACH, MANHATTAN BEACH, REDONDO BEACH'),(49,4,'R0019','R0019','R0019','R0019 BALDWIN HILLS, CULVER CI','BALDWIN HILLS, CULVER CITY, MAR VISTA'),(50,4,'R0020','R0020','R0020','R0020 MAR VISTA, MARINA DEL RE','MAR VISTA, MARINA DEL REY, SANTA MONICA'),(51,4,'R0021','R0021','R0021','R0021 HAWTHORNE, LAWNDALE, LEN','HAWTHORNE, LAWNDALE, LENNOX'),(52,4,'R0023','R0023','R0023','R0023 BALDWIN PARK, BASSETT, E','BALDWIN PARK, BASSETT, EAST WHITTIER'),(53,4,'R0024','R0024','R0024','R0024 DOWNEY','DOWNEY'),(54,4,'R0025','R0025','R0025','R0025 LA HONDA, PORTOLA VALLEY','LA HONDA, PORTOLA VALLEY, WOODSIDE'),(55,4,'R0026','R0026','R0026','R0026 EAST PALO ALTO, LOS ALTO','EAST PALO ALTO, LOS ALTOS HILLS, PALO ALTO'),(56,4,'R0027','R0027','R0027','R0027 CAMPBELL, CUPERTINO, LOS','CAMPBELL, CUPERTINO, LOS GATOS'),(57,4,'R0028','R0028','R0028','R0028 ANAHEIM, GARDEN GROVE, M','ANAHEIM, GARDEN GROVE, MIDWAY CITY'),(58,4,'R0029','R0029','R0029','R0029 CANOGA PARK, RESEDA, WIN','CANOGA PARK, RESEDA, WINNETKA'),(59,4,'R0030','R0030','R0030','R0030 POMONA','POMONA'),(60,4,'R0031','R0031','R0031','R0031 CHINO, CHINO HILLS, DIAM','CHINO, CHINO HILLS, DIAMOND BAR'),(61,4,'R0032','R0032','R0032','R0032 MT. BALDY, UPLAND','MT. BALDY, UPLAND'),(62,4,'R0033','R0033','R0033','R0033 ENCINO, NORTHRIDGE, RESE','ENCINO, NORTHRIDGE, RESEDA'),(63,4,'R0034','R0034','R0034','R0034 REDONDO BEACH, TORRANCE,','REDONDO BEACH, TORRANCE, HERMOSA BEACH'),(64,4,'R0035','R0035','R0035','R0035 CAMBELL, CUPERTINO, SAN','CAMBELL, CUPERTINO, SAN JOSE'),(65,4,'R0036','R0036','R0036','R0036 BURLINGAME, BELMONT, FOS','BURLINGAME, BELMONT, FOSTER CITY'),(66,4,'R0037','R0037','R0037','R0037 CORONA, NORCO','CORONA, NORCO'),(67,4,'R0039','R0039','R0039','R0039 VENTURA','VENTURA'),(68,4,'R0040','R0040','R0040','R0040 ROSEMEAD, SAN GABRIEL, S','ROSEMEAD, SAN GABRIEL, SAN MARINO'),(69,4,'R0041','R0041','R0041','R0041 LAGUNA NIGUEL, ALISO VIE','LAGUNA NIGUEL, ALISO VIEJO'),(70,4,'R0042','R0042','R0042','R0042 NEWBURY PARK, OAK PARK,','NEWBURY PARK, OAK PARK, THOUSAND OAKS'),(71,4,'R0043','R0043','R0043','R0043 LOS ALTOS (NORTH), LOS A','LOS ALTOS (NORTH), LOS ALTOS HILLS, LOS ALTOS SCH DIST'),(72,4,'R0044','R0044','R0044','R0044 SUNNYVALE','SUNNYVALE'),(73,4,'R0045','R0045','R0045','R0045 LOS ALTOS SOUTH, MOUNTAI','LOS ALTOS SOUTH, MOUNTAIN VIEW'),(74,4,'R0046','R0046','R0046','R0046 SANTA CLARITA, SAUGUS, V','SANTA CLARITA, SAUGUS, VALENCIA'),(75,4,'R0047','R0047','R0047','R0047 RIVERSIDE &AMP; SURROUND','RIVERSIDE &AMP; SURROUND, ORANGECREST, WOODCREST'),(76,4,'R0048','R0048','R0048','R0048 HAWAII KAI, KAHALA','HAWAII KAI, KAHALA'),(77,4,'R0049','R0049','R0049','R0049 ANDOVER, AUGUSTA, BEL AI','ANDOVER, AUGUSTA, BEL AIRE'),(78,4,'R0050','R0050','R0050','R0050 HIGHLAND, LOMA LINDA, ME','HIGHLAND, LOMA LINDA, MENTONE'),(79,4,'R0051','R0051','R0051','R0051 BOUNTIFUL, CENTERVILLE,','BOUNTIFUL, CENTERVILLE, FARMINGTON'),(80,4,'R0052','R0052','R0052','R0052 EASTPOINTE, HARPER WOODS','EASTPOINTE, HARPER WOODS, ROSEVILLE'),(81,4,'R0053','R0053','R0053','R0053 COBURG, CRESWELL, ELMIRA','COBURG, CRESWELL, ELMIRA'),(82,4,'R0054','R0054','R0054','R0054 ARTESIA, BUENA PARK, CER','ARTESIA, BUENA PARK, CERRITOS'),(83,4,'R0055','R0055','R0055','R0055 FOUNTAIN VALLEY, HUNTING','FOUNTAIN VALLEY, HUNTINGTON BEACH-CEN, WESTMINSTER'),(84,4,'R0056','R0056','R0056','R0056 HUNTINGTON BEACH-SO','HUNTINGTON BEACH-SO'),(85,4,'R0057','R0057','R0057','R0057 BALBOA ISLAND, CORONA DE','BALBOA ISLAND, CORONA DEL MAR, NEWPORT BEACH - EAST'),(86,4,'R0058','R0058','R0058','R0058 ENCINO, LOS ANGELES, NOR','ENCINO, LOS ANGELES, NORTH HOLLYWOOD'),(87,4,'R0059','R0059','R0059','R0059 CYPRESS, FOUNTAIN VALLEY','CYPRESS, FOUNTAIN VALLEY, GARDEN GROVE'),(88,4,'R0060','R0060','R0060','R0060 EL SERENO, ALHAMBRA, MON','EL SERENO, ALHAMBRA, MONTEREY PARK'),(89,4,'R0062','R0062','R0062','R0062 FOSTER CITY, SAN MATEO','FOSTER CITY, SAN MATEO'),(90,4,'R0063','R0063','R0063','R0063 BURLINGAME','BURLINGAME'),(91,4,'R0064','R0064','R0064','R0064 CAMPBELL, CUPERTINO, SAN','CAMPBELL, CUPERTINO, SAN JOSE W'),(92,4,'R0065','R0065','R0065','R0065 ALTA LOMA, ETIWANDA, FON','ALTA LOMA, ETIWANDA, FONTANA'),(93,4,'R0066','R0066','R0066','R0066 MONTCLAIR, ONTARIO, POMO','MONTCLAIR, ONTARIO, POMONA'),(94,4,'R0067','R0067','R0067','R0067 CHINO, FRONTERA, MONCLAI','CHINO, FRONTERA, MONCLAIR'),(95,4,'R0068','R0068','R0068','R0068 CAMARILLO, SANTA ROSA VA','CAMARILLO, SANTA ROSA VALLEY, SOMIS'),(96,4,'R0069','R0069','R0069','R0069 BRENTWOOD, MALIBU, PACIF','BRENTWOOD, MALIBU, PACIFIC PALISADES'),(97,4,'R0070','R0070','R0070','R0070 CENTURY CITY, CHEVIOT HI','CENTURY CITY, CHEVIOT HILLS, MAR VISTA'),(98,4,'R0071','R0071','R0071','R0071 BELL CANYON, CALABASAS,','BELL CANYON, CALABASAS, CANOGA PARK'),(99,4,'R0073','R0073','R0073','R0073 BAKERSFIELD, BAKERSFIELD','BAKERSFIELD, BAKERSFIELD E, BAKERSFIELD NW'),(100,4,'R0074','R0074','R0074','R0074 PORTAGE, SCHOOLCRAFT, VI','PORTAGE, SCHOOLCRAFT, VICKSBURG'),(101,4,'R0075','R0075','R0075','R0075 WHITTIER, SANTA FE SPRIN','WHITTIER, SANTA FE SPRINGS'),(102,4,'R0076','R0076','R0076','R0076 BEL AIR, BEVERLY HILLS,','BEL AIR, BEVERLY HILLS, BRENTWOOD'),(103,4,'R0077','R0077','R0077','R0077 LOMPOC','LOMPOC'),(104,4,'R0078','R0078','R0078','R0078 EAST HOLLYWOOD, HANCOCK','EAST HOLLYWOOD, HANCOCK PARK, KOREATOWN'),(105,4,'R0079','R0079','R0079','R0079 MONROE','MONROE'),(106,4,'R0080','R0080','R0080','R0080 PALM SPRINGS, RANCHO MIR','PALM SPRINGS, RANCHO MIRAGE, THOUSAND PALMS'),(107,4,'R0082','R0082','R0082','R0082 SANTA PAULA','SANTA PAULA'),(108,4,'R0083','R0083','R0083','R0083 ARROYO GRANDE, AVILA BEA','ARROYO GRANDE, AVILA BEACH, FIVE CITIES'),(109,4,'R0084','R0084','R0084','R0084 MISSION VIEJO','MISSION VIEJO'),(110,4,'R0085','R0085','R0085','R0085 EL TORO, FOOTHILL RANCH,','EL TORO, FOOTHILL RANCH, LAGUNA HILLS'),(111,4,'R0086','R0086','R0086','R0086 LAGUNA BEACH','LAGUNA BEACH'),(112,4,'R0087','R0087','R0087','R0087 CAPISTRANO BEACH, DANA P','CAPISTRANO BEACH, DANA POINT, SAN JUAN CAPISTRANO'),(113,4,'R0088','R0088','R0088','R0088 ATWATER, EAGLE ROCK, GLE','ATWATER, EAGLE ROCK, GLENDALE'),(114,4,'R0089','R0089','R0089','R0089 ALLIED GARDENS, CASA DE','ALLIED GARDENS, CASA DE ORO, FLETCHER HILLS'),(115,4,'R0090','R0090','R0090','R0090 MUNCY, PENNSDALE','MUNCY, PENNSDALE'),(116,4,'R0091','R0091','R0091','R0091 LAKE LOS ANGELES, LANCAS','LAKE LOS ANGELES, LANCASTER, LITTLEROCK'),(117,4,'R0092','R0092','R0092','R0092 EL SEGUNDO','EL SEGUNDO'),(118,4,'R0093','R0093','R0093','R0093 COTTAGE GROVE, CRESWELL,','COTTAGE GROVE, CRESWELL, DEXTER'),(119,4,'R0094','R0094','R0094','R0094 BREA-WEST, FULLERTON, LA','BREA-WEST, FULLERTON, LA HABRA'),(120,4,'R0095','R0095','R0095','R0095 SOMERS','SOMERS'),(121,4,'R0096','R0096','R0096','R0096 IRVINE, NORTH TUSTIN, OR','IRVINE, NORTH TUSTIN, ORANGE'),(122,4,'R0097','R0097','R0097','R0097 BALBOA PENINSULA, COSTA','BALBOA PENINSULA, COSTA MESA - EAST, LIDO ISLAND'),(123,4,'R0098','R0098','R0098','R0098 TEMPLE CITY','TEMPLE CITY'),(124,4,'R0100','R0100','R0100','R0100 KAILUA, WAIMANALO','KAILUA, WAIMANALO'),(125,4,'R0102','R0102','R0102','R0102 AMMON, IDAHO FALLS, IONA','AMMON, IDAHO FALLS, IONA'),(126,4,'R0104','R0104','R0104','R0104 ALBUQUERQUE','ALBUQUERQUE'),(127,4,'R0105','R0105','R0105','R0105 BELLE PLAINE, HAYSVILLE,','BELLE PLAINE, HAYSVILLE, MULVANE'),(128,4,'R0106','R0106','R0106','R0106 BELLFLOWER, LAKEWOOD','BELLFLOWER, LAKEWOOD'),(129,4,'R0107','R0107','R0107','R0107 SAN CARLOS','SAN CARLOS'),(130,4,'R0108','R0108','R0108','R0108 BELMONT, FOSTER CITY, HA','BELMONT, FOSTER CITY, HALF MOON BAY'),(131,4,'R0109','R0109','R0109','R0109 ATHERTON, MENLO PARK','ATHERTON, MENLO PARK'),(132,4,'R0110','R0110','R0110','R0110 BURLINGAME, HILLSBOROUGH','BURLINGAME, HILLSBOROUGH, SAN MATEO'),(133,4,'R0111','R0111','R0111','R0111 ALTA CAPISTRANO, CAPISTR','ALTA CAPISTRANO, CAPISTRANO BEACH, PALISADES'),(134,4,'R0112','R0112','R0112','R0112 LA VERNE, SAN DIMAS','LA VERNE, SAN DIMAS'),(135,4,'R0113','R0113','R0113','R0113 KANEOHE','KANEOHE'),(136,4,'R0114','R0114','R0114','R0114 LAKEWOOD, LONG BEACH, SI','LAKEWOOD, LONG BEACH, SIGNAL HILL'),(137,4,'R0115','R0115','R0115','R0115 BELOIT, BELVIDERE, CALED','BELOIT, BELVIDERE, CALEDONIA'),(138,4,'R0116','R0116','R0116','R0116 BONITA, EAST CHULA VISTA','BONITA, EAST CHULA VISTA, EASTLAKE'),(139,4,'R0117','R0117','R0117','R0117 COSTA MESA, FOUNTAIN VAL','COSTA MESA, FOUNTAIN VALLEY, SOU'),(140,4,'R0118','R0118','R0118','R0118 AIEA','AIEA'),(141,4,'R0119','R0119','R0119','R0119 MILILANI, WAHIAWA','MILILANI, WAHIAWA'),(142,4,'R0120','R0120','R0120','R0120 COSTA MESA, HUNTINGTON B','COSTA MESA, HUNTINGTON BEACH, NEWPORT BEACH'),(143,4,'R0121','R0121','R0121','R0121 SIMI VALLEY','SIMI VALLEY'),(144,4,'R0122','R0122','R0122','R0122 GOLETA, MONTECITO, SANTA','GOLETA, MONTECITO, SANTA BARBARA'),(145,4,'R0124','R0124','R0124','R0124 KNOXVILLE NORTHWEST, POW','KNOXVILLE NORTHWEST, POWELL, HEISKELL'),(146,4,'R0125','R0125','R0125','R0125 MT. CLEMENS, CLINTON TWP','MT. CLEMENS, CLINTON TWP'),(147,4,'R0126','R0126','R0126','R0126 ALTA, COTTONWOOD HEIGHTS','ALTA, COTTONWOOD HEIGHTS, HOLLADAY'),(148,4,'R0127','R0127','R0127','R0127 CARLSBAD, ESCONDIDO, OCE','CARLSBAD, ESCONDIDO, OCEANSIDE'),(149,4,'R0129','R0129','R0129','R0129 EXETER, FARMERSVILLE, IV','EXETER, FARMERSVILLE, IVANHOE'),(150,4,'R0130','R0130','R0130','R0130 EAST HIGHLAND, HIGHLAND,','EAST HIGHLAND, HIGHLAND, SAN BERNARDINO'),(151,4,'R0132','R0132','R0132','R0132 COWPENS, DUNCAN, GREER','COWPENS, DUNCAN, GREER'),(152,4,'R0134','R0134','R0134','R0134 CLARK MILLS, CLINTON, DE','CLARK MILLS, CLINTON, DEANSBORO'),(153,4,'R0136','R0136','R0136','R0136 ALTA LOMA, BLOOMINGTON,','ALTA LOMA, BLOOMINGTON, ETIWANDA'),(154,4,'R0137','R0137','R0137','R0137 HEMET, HOMELAND, IDYLLWI','HEMET, HOMELAND, IDYLLWILD'),(155,4,'R0138','R0138','R0138','R0138 BEAR RIVER CITY, BRIGHAM','BEAR RIVER CITY, BRIGHAM CITY, CORINNE'),(156,4,'R0139','R0139','R0139','R0139 CHAPPAQUA, MILLWOOD','CHAPPAQUA, MILLWOOD'),(157,4,'R0140','R0140','R0140','R0140 CARSON CITY','CARSON CITY'),(158,4,'R0141','R0141','R0141','R0141 MAHOPAC, PEEKSKILL, PUTN','MAHOPAC, PEEKSKILL, PUTNAM VALLEY'),(159,4,'R0142','R0142','R0142','R0142 SOMERSET COUNTY','SOMERSET COUNTY'),(160,4,'R0143','R0143','R0143','R0143 HUNTINGTON BCH WEST, SUN','HUNTINGTON BCH WEST, SUNSET BEACH, WESTMINSTER'),(161,4,'R0144','R0144','R0144','R0144 IRVINE SOUTH','IRVINE SOUTH'),(162,4,'R0145','R0145','R0145','R0145 MILLBRAE','MILLBRAE'),(163,4,'R0146','R0146','R0146','R0146 COLMA, DALY CITY, SAN FR','COLMA, DALY CITY, SAN FRANCISCO'),(164,4,'R0147','R0147','R0147','R0147 CASITAS SPRINGS, MEINERS','CASITAS SPRINGS, MEINERS OAKS, MIRA MONTE'),(165,4,'R0148','R0148','R0148','R0148 OXNARD, PORT HUENEME','OXNARD, PORT HUENEME'),(166,4,'R0149','R0149','R0149','R0149 CORVALLIS, PHILOMATH','CORVALLIS, PHILOMATH'),(167,4,'R0150','R0150','R0150','R0150 BENTON, BIG PINE, BISHOP','BENTON, BIG PINE, BISHOP'),(168,4,'R0151','R0151','R0151','R0151 RIVERDALE, SOUTH OGDEN,','RIVERDALE, SOUTH OGDEN, SOUTH WEBER'),(169,4,'R0152','R0152','R0152','R0152 TIERRASANTA','TIERRASANTA'),(170,4,'R0153','R0153','R0153','R0153 TUCSON NORTHEAST','TUCSON NORTHEAST'),(171,4,'R0154','R0154','R0154','R0154 ANAHEIM WEST, BUENA PARK','ANAHEIM WEST, BUENA PARK, CYPRESS'),(172,4,'R0155','R0155','R0155','R0155 WAHIAWA','WAHIAWA'),(173,4,'R0157','R0157','R0157','R0157 PACIFICA','PACIFICA'),(174,4,'R0158','R0158','R0158','R0158 ST. CLAIR SHORES','ST. CLAIR SHORES'),(175,4,'R0159','R0159','R0159','R0159 LOS ALAMITOS, ROSSMOOR,','LOS ALAMITOS, ROSSMOOR, SEAL BEACH'),(176,4,'R0161','R0161','R0161','R0161 CLYDE TWP, FORT GRATIOT,','CLYDE TWP, FORT GRATIOT, GOODELLS'),(177,4,'R0163','R0163','R0163','R0163 FORT SHERIDAN, GREAT LAK','FORT SHERIDAN, GREAT LAKES NAVAL BA, HIGHWOOD'),(178,4,'R0165','R0165','R0165','R0165 CRESTLINE, GREEN VALLEY','CRESTLINE, GREEN VALLEY LAKE, LAKE ARROWHEAD'),(179,4,'R0166','R0166','R0166','R0166 RENO, SPARKS','RENO, SPARKS'),(180,4,'R0168','R0168','R0168','R0168 ALPINE, EL CAJON, JAMUL','ALPINE, EL CAJON, JAMUL'),(181,4,'R0169','R0169','R0169','R0169 BURTON, FENTON, FLINT','BURTON, FENTON, FLINT'),(182,4,'R0172','R0172','R0172','R0172 DEWEY, HUMBOLDT, KIRKLAN','DEWEY, HUMBOLDT, KIRKLAND'),(183,4,'R0174','R0174','R0174','R0174 ARLETA, CHATSWORTH, GRAN','ARLETA, CHATSWORTH, GRANADA HILLS'),(184,4,'R0176','R0176','R0176','R0176 CHARLOTTE, EATON RAPIDS,','CHARLOTTE, EATON RAPIDS, GRAND LEDGE'),(185,4,'R0177','R0177','R0177','R0177 BELMONT SHORE, LONG BEAC','BELMONT SHORE, LONG BEACH, LOS ALTOS'),(186,4,'R0178','R0178','R0178','R0178 HONOLULU, KAIMUKI, KALIH','HONOLULU, KAIMUKI, KALIHI'),(187,4,'R0180','R0180','R0180','R0180 BALLARD, BUELLTON, GAVIO','BALLARD, BUELLTON, GAVIOTA'),(188,4,'R0181','R0181','R0181','R0181 BAKERSFIELD, BAKERSFIELD','BAKERSFIELD, BAKERSFIELD N E'),(189,4,'R0183','R0183','R0183','R0183 CHICAGO NORTHWEST, EUGEN','CHICAGO NORTHWEST, EUGENE FIELD PARK, GOMPERS PARK'),(190,4,'R0184','R0184','R0184','R0184 BATAVIA, CAROL STREAM, S','BATAVIA, CAROL STREAM, ST. CHARLES'),(191,4,'R0186','R0186','R0186','R0186 TRUMBULL','TRUMBULL'),(192,4,'R0187','R0187','R0187','R0187 MORENO VALLEY, PERRIS, R','MORENO VALLEY, PERRIS, RIVERSIDE'),(193,4,'R0188','R0188','R0188','R0188 AMR, CAMP SMITH, FT SHAF','AMR, CAMP SMITH, FT SHAFTER'),(194,4,'R0190','R0190','R0190','R0190 CLINTON TOWNSHIP, MACOMB','CLINTON TOWNSHIP, MACOMB, SHELBY TOWNSHIP'),(195,4,'R0191','R0191','R0191','R0191 SUNSET PARK','SUNSET PARK'),(196,4,'R0193','R0193','R0193','R0193 CORTLAND, CRESTON, DE KA','CORTLAND, CRESTON, DE KALB'),(197,4,'R0194','R0194','R0194','R0194 GETTYSBURG, FAIRFIELD, B','GETTYSBURG, FAIRFIELD, BIGLERVILLE'),(198,4,'R0195','R0195','R0195','R0195 CHESTERFIELD, CHESTERFIE','CHESTERFIELD, CHESTERFIELD TWP, NEW BALTIMORE'),(199,4,'R0198','R0198','R0198','R0198 CLEARFIELD, CLINTON, HIL','CLEARFIELD, CLINTON, HILL AIR FORCE BASE'),(200,4,'R0199','R0199','R0199','R0199 PLEASANTVILLE','PLEASANTVILLE'),(201,4,'R0200','R0200','R0200','R0200 BREWSTER, NORTH SALEM, S','BREWSTER, NORTH SALEM, SOMERS'),(202,4,'R0201','R0201','R0201','R0201 OSSINING','OSSINING'),(203,4,'R0202','R0202','R0202','R0202 BRIARCLIFF MANOR','BRIARCLIFF MANOR'),(204,4,'R0204','R0204','R0204','R0204 BANKSVILLE, BEDFORD CORN','BANKSVILLE, BEDFORD CORNERS, MT. KISCO'),(205,4,'R0205','R0205','R0205','R0205 BROWNSTOWN, FLATROCK, GR','BROWNSTOWN, FLATROCK, GROSSE ILE'),(206,4,'R0206','R0206','R0206','R0206 MARANA, TUCSON','MARANA, TUCSON'),(207,4,'R0207','R0207','R0207','R0207 WICHITA - CENTRAL','WICHITA - CENTRAL'),(208,4,'R0208','R0208','R0208','R0208 ANDALE, COLWICH, GODDARD','ANDALE, COLWICH, GODDARD'),(209,4,'R0210','R0210','R0210','R0210 BURR RIDGE, CLARENDON HI','BURR RIDGE, CLARENDON HILLS, HINSDALE'),(210,4,'R0211','R0211','R0211','R0211 KALAMAZOO, OSHTEMO, PARC','KALAMAZOO, OSHTEMO, PARCHMENT'),(211,4,'R0212','R0212','R0212','R0212 AUGUSTA, CLIMAX, COMSTOC','AUGUSTA, CLIMAX, COMSTOCK'),(212,4,'R0213','R0213','R0213','R0213 IRVINE NORTH, TUSTIN, TU','IRVINE NORTH, TUSTIN, TUSTIN RANCH'),(213,4,'R0214','R0214','R0214','R0214 PASADENA, SAN MARINO, SO','PASADENA, SAN MARINO, SOUTH PASADENA'),(214,4,'R0215','R0215','R0215','R0215 HACIENDA HEIGHTS, LA PUE','HACIENDA HEIGHTS, LA PUENTE, ROWLAND HEIGHTS'),(215,4,'R0216','R0216','R0216','R0216 FT. THOMAS, GRAHAM COUNT','FT. THOMAS, GRAHAM COUNTY, PIMA'),(216,4,'R0217','R0217','R0217','R0217 DAVIS MONTHAN AFB, TUCSO','DAVIS MONTHAN AFB, TUCSON SOUTHEAST, VAIL'),(217,4,'R0218','R0218','R0218','R0218 DAVIS','DAVIS'),(218,4,'R0220','R0220','R0220','R0220 SLEEPY HOLLOW, TARRYTOWN','SLEEPY HOLLOW, TARRYTOWN'),(219,4,'R0221','R0221','R0221','R0221 MT PLEASANT','MT PLEASANT'),(220,4,'R0222','R0222','R0222','R0222 NEW HARTFORD, NEW YORK M','NEW HARTFORD, NEW YORK MILLS'),(221,4,'R0223','R0223','R0223','R0223 BAY POINT, CLAYTON, CONC','BAY POINT, CLAYTON, CONCORD'),(222,4,'R0224','R0224','R0224','R0224 TUCSON SOUTHWEST','TUCSON SOUTHWEST'),(223,4,'R0225','R0225','R0225','R0225 ARLINGTON, AVONDALE, BUC','ARLINGTON, AVONDALE, BUCKEYE'),(224,4,'R0232','R0232','R0232','R0232 VERDE VALLEY','VERDE VALLEY'),(225,4,'R0234','R0234','R0234','R0234 ALPINE, BLOSSOM VALLEY,','ALPINE, BLOSSOM VALLEY, EL CAJON'),(226,4,'R0239','R0239','R0239','R0239 LAYTON','LAYTON'),(227,4,'R0240','R0240','R0240','R0240 ARDSLEY, IRVINGTON, TARR','ARDSLEY, IRVINGTON, TARRYTOWN'),(228,4,'R0242','R0242','R0242','R0242 FILLMORE, PIRU, RANCHO S','FILLMORE, PIRU, RANCHO SESPE'),(229,4,'R0244','R0244','R0244','R0244 ARLINGTON HEIGHTS, HOFFM','ARLINGTON HEIGHTS, HOFFMAN ESTATES, PALATINE'),(230,4,'R0248','R0248','R0248','R0248 ALBION, BELLWOOD, COLUMB','ALBION, BELLWOOD, COLUMBUS'),(231,4,'R0249','R0249','R0249','R0249 SAN BRUNO, SOUTH SAN FRA','SAN BRUNO, SOUTH SAN FRANCISCO'),(232,4,'R0250','R0250','R0250','R0250 DECATUR, GOBLES, LAWTON','DECATUR, GOBLES, LAWTON'),(233,4,'R0251','R0251','R0251','R0251 BEDFORD HILLS, BEDFORD V','BEDFORD HILLS, BEDFORD VILLAGE, KATONAH'),(234,4,'R0253','R0253','R0253','R0253 BENTLEY, HALSTEAD, KECHI','BENTLEY, HALSTEAD, KECHI'),(235,4,'R0254','R0254','R0254','R0254 BURBANK, GLENDALE, NORTH','BURBANK, GLENDALE, NORTH HOLLYWOOD'),(236,4,'R0255','R0255','R0255','R0255 TIPTON, TULARE, VISALIA','TIPTON, TULARE, VISALIA'),(237,4,'R0256','R0256','R0256','R0256 AROMAS, CARMEL, CASTROVI','AROMAS, CARMEL, CASTROVILLE'),(238,4,'R0257','R0257','R0257','R0257 FLAGSTAFF, GRAND CANYON,','FLAGSTAFF, GRAND CANYON, WILLIAMS'),(239,4,'R0258','R0258','R0258','R0258 LA MESA, LEMON GROVE, SP','LA MESA, LEMON GROVE, SPRING VALLEY'),(240,4,'R0263','R0263','R0263','R0263 SOUTH KNOXVILLE','SOUTH KNOXVILLE'),(241,4,'R0266','R0266','R0266','R0266 BROOKLYN-SOUTH, QUEENS,','BROOKLYN-SOUTH, QUEENS, MARINE PARK'),(242,4,'R0269','R0269','R0269','R0269 BARBERS POINT, HONOKAI H','BARBERS POINT, HONOKAI HALE, IROQUOIS POINT'),(243,4,'R0272','R0272','R0272','R0272 ANTHONY, CANUTILLO, UNIV','ANTHONY, CANUTILLO, UNIVERSITY AREA'),(244,4,'R0273','R0273','R0273','R0273 ALPINE, EAGAR, GREER','ALPINE, EAGAR, GREER'),(245,4,'R0274','R0274','R0274','R0274 HILO, HONOMU, KEAAU','HILO, HONOMU, KEAAU'),(246,4,'R0275','R0275','R0275','R0275 CEDAR BLUFF, KARNS, KNOX','CEDAR BLUFF, KARNS, KNOX COUNTY WEST'),(247,4,'R0277','R0277','R0277','R0277 FREEPORT, MIDDLEVILLE, T','FREEPORT, MIDDLEVILLE, T.K. SCHOOLS'),(248,4,'R0279','R0279','R0279','R0279 BEARDEN, KNOXVILLE W, LA','BEARDEN, KNOXVILLE W, LAKESHORE'),(249,4,'R0281','R0281','R0281','R0281 CONCORD, MARTINEZ, PACHE','CONCORD, MARTINEZ, PACHECO'),(250,4,'R0282','R0282','R0282','R0282 LAKE TAHOE SOUTH, ZEPHYR','LAKE TAHOE SOUTH, ZEPHYR COVE'),(251,4,'R0283','R0283','R0283','R0283 CORUNNA, FLINT, FLUSHING','CORUNNA, FLINT, FLUSHING'),(252,4,'R0285','R0285','R0285','R0285 CARMEL MTN. RANCH, MIRA','CARMEL MTN. RANCH, MIRA MESA, MIRAMAR'),(253,4,'R0286','R0286','R0286','R0286 ROY','ROY'),(254,4,'R0287','R0287','R0287','R0287 HARRISVILLE, PLEASANT VI','HARRISVILLE, PLEASANT VIEW, WEBER COUNTY NORTH'),(255,4,'R0288','R0288','R0288','R0288 OGDEN CITY','OGDEN CITY'),(256,4,'R0289','R0289','R0289','R0289 HALEIWA, NORTH SHORE, SU','HALEIWA, NORTH SHORE, SUNSET BEACH'),(257,4,'R0290','R0290','R0290','R0290 CHULA VISTA, NATIONAL CI','CHULA VISTA, NATIONAL CITY, SAN DIEGO (SOUTH)'),(258,4,'R0292','R0292','R0292','R0292 DANVILLE','DANVILLE'),(259,4,'R0293','R0293','R0293','R0293 COGAN STATION, LINDEN, W','COGAN STATION, LINDEN, WILLIAMSPORT'),(260,4,'R0294','R0294','R0294','R0294 CALIENTE, KERN RIVER VAL','CALIENTE, KERN RIVER VALLEY, LAKE ISABELLA'),(261,4,'R0295','R0295','R0295','R0295 ALPINE, DESCANSO, EL CAJ','ALPINE, DESCANSO, EL CAJON EAST'),(262,4,'R0297','R0297','R0297','R0297 DEATSVILLE, HOPE HULL, M','DEATSVILLE, HOPE HULL, MAXWELL AFB'),(263,4,'R0298','R0298','R0298','R0298 DOWAGIAC, MARCELLUS, SIS','DOWAGIAC, MARCELLUS, SISTER LAKES'),(264,4,'R0300','R0300','R0300','R0300 BROOKFIELD, COUNTRYSIDE,','BROOKFIELD, COUNTRYSIDE, INDIAN HEAD PARK'),(265,4,'R0304','R0304','R0304','R0304 EL RIO, OXNARD, OXNARD N','EL RIO, OXNARD, OXNARD NORTH'),(266,4,'R0305','R0305','R0305','R0305 ALAMO, ANTIOCH, BAY POIN','ALAMO, ANTIOCH, BAY POINT'),(267,4,'R0309','R0309','R0309','R0309 BAYARD, CLIFF, SILVER CI','BAYARD, CLIFF, SILVER CITY'),(268,4,'R0310','R0310','R0310','R0310 ANTHEM, EL MIRAGE, GLEND','ANTHEM, EL MIRAGE, GLENDALE'),(269,4,'R0314','R0314','R0314','R0314 ALDEN, CAPRON, HARVARD','ALDEN, CAPRON, HARVARD'),(270,4,'R0315','R0315','R0315','R0315 COTTON CENTER, DUCOR, PL','COTTON CENTER, DUCOR, PLAINVIEW'),(271,4,'R0316','R0316','R0316','R0316 MAMMOTH LAKES, MONO COUN','MAMMOTH LAKES, MONO COUNTY'),(272,4,'R0318','R0318','R0318','R0318 CARSON CITY, GARDNERVILL','CARSON CITY, GARDNERVILLE, TOPAZ'),(273,4,'R0319','R0319','R0319','R0319 BOVINA, CANNON AFB, CLOV','BOVINA, CANNON AFB, CLOVIS'),(274,4,'R0322','R0322','R0322','R0322 JEFFERSON COUNTY','JEFFERSON COUNTY'),(275,4,'R0324','R0324','R0324','R0324 ARDSLEY, DOBBS FERRY, GR','ARDSLEY, DOBBS FERRY, GREENBERG'),(276,4,'R0325','R0325','R0325','R0325 GREENBACK, LENOIR CITY,','GREENBACK, LENOIR CITY, LOUDON'),(277,4,'R0327','R0327','R0327','R0327 MARCY, NEW YORK MILLS, W','MARCY, NEW YORK MILLS, WHITESBORO'),(278,4,'R0328','R0328','R0328','R0328 BIRDS LANDING, ISLETON,','BIRDS LANDING, ISLETON, RIO VISTA'),(279,4,'R0329','R0329','R0329','R0329 NOGALES, NOGALES-MEXICO,','NOGALES, NOGALES-MEXICO, RIO RICO'),(280,4,'R0332','R0332','R0332','R0332 THE DALLES, DUFUR, MOSIE','THE DALLES, DUFUR, MOSIER'),(281,4,'R0333','R0333','R0333','R0333 MARTIN, OTSEGO, PLAINWEL','MARTIN, OTSEGO, PLAINWELL'),(282,4,'R0335','R0335','R0335','R0335 BULLS GAP, DANDRIDGE, JE','BULLS GAP, DANDRIDGE, JEFFERSON CITY'),(283,4,'R0337','R0337','R0337','R0337 CORRYTON, FOUNTAIN CITY,','CORRYTON, FOUNTAIN CITY, GIBBS'),(284,4,'R0341','R0341','R0341','R0341 EL CAJON, LA MESA, LAKES','EL CAJON, LA MESA, LAKESIDE'),(285,4,'R0343','R0343','R0343','R0343 FARR WEST, HARRISVILLE,','FARR WEST, HARRISVILLE, HOOPER'),(286,4,'R0344','R0344','R0344','R0344 DEERFIELD, MARCY, SCHUYL','DEERFIELD, MARCY, SCHUYLER'),(287,4,'R0345','R0345','R0345','R0345 PALM BEACH WEST, WEST PA','PALM BEACH WEST, WEST PALM BEACH'),(288,4,'R0346','R0346','R0346','R0346 JACKSON, PARMA, SPRING A','JACKSON, PARMA, SPRING ARBOR'),(289,4,'R0350','R0350','R0350','R0350 TUCSON, TUCSON NORTH CEN','TUCSON, TUCSON NORTH CENTRAL'),(290,4,'R0351','R0351','R0351','R0351 OGDEN CITY, SOUTH OGDEN,','OGDEN CITY, SOUTH OGDEN, WASHINGTON HEIGHTS'),(291,4,'R0354','R0354','R0354','R0354 ALTA, BLUFFDALE, DRAPER','ALTA, BLUFFDALE, DRAPER'),(292,4,'R0358','R0358','R0358','R0358 HAUULA, KAAAWA, KAHUKU','HAUULA, KAAAWA, KAHUKU'),(293,4,'R0359','R0359','R0359','R0359 BAKERSFIELD, BAKERSFIELD','BAKERSFIELD, BAKERSFIELD NW, SHAFTER'),(294,4,'R0360','R0360','R0360','R0360 FALLON','FALLON'),(295,4,'R0362','R0362','R0362','R0362 DES PLAINES, GLENVIEW, G','DES PLAINES, GLENVIEW, GOLF'),(296,4,'R0363','R0363','R0363','R0363 MOORPARK','MOORPARK'),(297,4,'R0364','R0364','R0364','R0364 LEMITAR, MAGDALENA, POLV','LEMITAR, MAGDALENA, POLVADERA'),(298,4,'R0367','R0367','R0367','R0367 BOLINGBROOK, CREST HILL,','BOLINGBROOK, CREST HILL, JOLIET'),(299,4,'R0368','R0368','R0368','R0368 EL PASO, EL PASO CENTRAL','EL PASO, EL PASO CENTRAL, EL PASO NORTHEAST'),(300,4,'R0370','R0370','R0370','R0370 FERNLEY, SILVER SPRINGS,','FERNLEY, SILVER SPRINGS, WADSWORTH'),(301,4,'R0372','R0372','R0372','R0372 HAWTHORN WOODS, IVANHOE,','HAWTHORN WOODS, IVANHOE, LIBERTYVILLE'),(302,4,'R0373','R0373','R0373','R0373 RIGBY','RIGBY'),(303,4,'R0374','R0374','R0374','R0374 BARNEVELD, FLOYD, HINCKL','BARNEVELD, FLOYD, HINCKLEY'),(304,4,'R0376','R0376','R0376','R0376 CLIFTON, DUNCAN, MORENCI','CLIFTON, DUNCAN, MORENCI'),(305,4,'R0377','R0377','R0377','R0377 FRANKFORT, ILION, MOHAWK','FRANKFORT, ILION, MOHAWK'),(306,4,'R0381','R0381','R0381','R0381 AIEA, PEARL CITY','AIEA, PEARL CITY'),(307,4,'R0382','R0382','R0382','R0382 FRAZIER PARK, GORMAN, LE','FRAZIER PARK, GORMAN, LEBEC'),(308,4,'R0383','R0383','R0383','R0383 FRANKFORT, HERKIMER, ILI','FRANKFORT, HERKIMER, ILION'),(309,4,'R0384','R0384','R0384','R0384 DELTA, DESERT, HINCKLEY','DELTA, DESERT, HINCKLEY'),(310,4,'R0385','R0385','R0385','R0385 SCOTT COUNTY','SCOTT COUNTY'),(311,4,'R0390','R0390','R0390','R0390 CLINTON, OAK RIDGE, OLIV','CLINTON, OAK RIDGE, OLIVER SPRINGS'),(312,4,'R0392','R0392','R0392','R0392 HARRISVILLE','HARRISVILLE'),(313,4,'R0393','R0393','R0393','R0393 ACTON, LAKE LOS ANGELES,','ACTON, LAKE LOS ANGELES, LANCASTER'),(314,4,'R0396','R0396','R0396','R0396 GRAYSLAKE, GURNEE, HAINE','GRAYSLAKE, GURNEE, HAINESVILLE'),(315,4,'R0397','R0397','R0397','R0397 BULLHEAD CITY','BULLHEAD CITY'),(316,4,'R0399','R0399','R0399','R0399 BENSENVILLE, ELMHURST, L','BENSENVILLE, ELMHURST, LOMBARD'),(317,4,'R0400','R0400','R0400','R0400 FRESNO','FRESNO'),(318,4,'R0403','R0403','R0403','R0403 HONOKAA, KOHALA, WAIKOLO','HONOKAA, KOHALA, WAIKOLOA'),(319,4,'R0404','R0404','R0404','R0404 BISBEE, NACO','BISBEE, NACO'),(320,4,'R0405','R0405','R0405','R0405 LEE (ONEIDA COUNTY), ROM','LEE (ONEIDA COUNTY), ROME'),(321,4,'R0407','R0407','R0407','R0407 HERKIMER','HERKIMER'),(322,4,'R0412','R0412','R0412','R0412 BRADY, HERSHEY, MAXWELL','BRADY, HERSHEY, MAXWELL'),(323,4,'R0415','R0415','R0415','R0415 CONFLUENCE, MARKLETON, R','CONFLUENCE, MARKLETON, ROCKWOOD'),(324,4,'R0416','R0416','R0416','R0416 BERLIN, BROTHERS VALLEY','BERLIN, BROTHERS VALLEY TWP'),(325,4,'R0417','R0417','R0417','R0417 FENTON, GAINES, GRAND BL','FENTON, GAINES, GRAND BLANC'),(326,4,'R0418','R0418','R0418','R0418 BUCKTOWN, CHICAGO LAKEFR','BUCKTOWN, CHICAGO LAKEFRONT, DEARBORN PARK'),(327,4,'R0419','R0419','R0419','R0419 BELLEVUE, DUBUQUE, EAST','BELLEVUE, DUBUQUE, EAST DUBUQUE'),(328,4,'R0420','R0420','R0420','R0420 NORFOLK','NORFOLK'),(329,4,'R0422','R0422','R0422','R0422 OGDEN VALLEY','OGDEN VALLEY'),(330,4,'R0423','R0423','R0423','R0423 CHICAGO (BEVERLY), CHICA','CHICAGO (BEVERLY), CHICAGO (HYDE PARK), EVERGREEN PARK'),(331,4,'R0424','R0424','R0424','R0424 LEWISBURG, WEST MILTON,','LEWISBURG, WEST MILTON, WINFIELD'),(332,4,'R0425','R0425','R0425','R0425 GLENCOE, KENILWORTH, WIN','GLENCOE, KENILWORTH, WINNETKA'),(333,4,'R0426','R0426','R0426','R0426 GASPORT, LYNDONVILLE, ME','GASPORT, LYNDONVILLE, MEDINA'),(334,4,'R0427','R0427','R0427','R0427 JOSEPH CITY, LEUPP, WINS','JOSEPH CITY, LEUPP, WINSLOW'),(335,4,'R0428','R0428','R0428','R0428 FOX LAKE, GRAYSLAKE, ING','FOX LAKE, GRAYSLAKE, INGLESIDE'),(336,4,'R0429','R0429','R0429','R0429 COLD BROOK, POLAND, TOWN','COLD BROOK, POLAND, TOWN OF RUSSIA'),(337,4,'R0430','R0430','R0430','R0430 NORTH STAR','NORTH STAR'),(338,4,'R0432','R0432','R0432','R0432 BLACK RIVER, CARTHAGE','BLACK RIVER, CARTHAGE'),(339,4,'R0434','R0434','R0434','R0434 BLACKFOOT','BLACKFOOT'),(340,4,'R0436','R0436','R0436','R0436 ESPARTO, WINTERS','ESPARTO, WINTERS'),(341,4,'R0440','R0440','R0440','R0440 CATON\'S CHAPEL, DANDRIDG','CATON\'S CHAPEL, DANDRIDGE, GATLINBURG'),(342,4,'R0441','R0441','R0441','R0441 BECKWOURTH, BLAIRSDEN, C','BECKWOURTH, BLAIRSDEN, CALPINE'),(343,4,'R0443','R0443','R0443','R0443 BERMUDA DUNES, COACHELLA','BERMUDA DUNES, COACHELLA, INDIO'),(344,4,'R0445','R0445','R0445','R0445 CASTANEA, FARRANDSVILLE,','CASTANEA, FARRANDSVILLE, LOCK HAVEN'),(345,4,'R0446','R0446','R0446','R0446 HOLBROOK','HOLBROOK'),(346,4,'R0448','R0448','R0448','R0448 CASCO, COLUMBUS, LENOX','CASCO, COLUMBUS, LENOX'),(347,4,'R0449','R0449','R0449','R0449 HAWTHORNE','HAWTHORNE'),(348,4,'R0450','R0450','R0450','R0450 BIRD ROAD, HAMMOCKS, HOR','BIRD ROAD, HAMMOCKS, HORSE COUNTRY'),(349,4,'R0451','R0451','R0451','R0451 HONEY CREEK, LOGAN, MISS','HONEY CREEK, LOGAN, MISSOURI VALLEY'),(350,4,'R0452','R0452','R0452','R0452 ALTOONA, BELLWOOD','ALTOONA, BELLWOOD'),(351,4,'R0455','R0455','R0455','R0455 BUCHANAN, CORTLANDT MANO','BUCHANAN, CORTLANDT MANOR, CROTON-ON-HUDSON'),(352,4,'R0457','R0457','R0457','R0457 SCHUYLER','SCHUYLER'),(353,4,'R0458','R0458','R0458','R0458 LEMONT','LEMONT'),(354,4,'R0459','R0459','R0459','R0459 MACOMB, SHELBY TOWNSHIP,','MACOMB, SHELBY TOWNSHIP, UTICA'),(355,4,'R0462','R0462','R0462','R0462 EASTVALE, GLEN AVON, IND','EASTVALE, GLEN AVON, INDIAN HILLS'),(356,4,'R0469','R0469','R0469','R0469 BOONVILLE, FORESTPORT, W','BOONVILLE, FORESTPORT, WEST LEYDEN'),(357,4,'R0470','R0470','R0470','R0470 CLAY SPRINGS, LINDEN, PI','CLAY SPRINGS, LINDEN, PINEDALE'),(358,4,'R0471','R0471','R0471','R0471 BROOKFIELD, EARLVILLE, H','BROOKFIELD, EARLVILLE, HAMILTON'),(359,4,'R0473','R0473','R0473','R0473 BROOKLYN, BROOKLYN-CENTR','BROOKLYN, BROOKLYN-CENTRAL'),(360,4,'R0475','R0475','R0475','R0475 MILLVILLE','MILLVILLE'),(361,4,'R0476','R0476','R0476','R0476 CLIO','CLIO'),(362,4,'R0479','R0479','R0479','R0479 HART FLAT, KEENE, MOJAVE','HART FLAT, KEENE, MOJAVE'),(363,4,'R0482','R0482','R0482','R0482 WASHINGTON COUNTY','WASHINGTON COUNTY'),(364,4,'R0483','R0483','R0483','R0483 DINOSAUR, JENSEN, LA POI','DINOSAUR, JENSEN, LA POINT'),(365,4,'R0488','R0488','R0488','R0488 LOVELOCK','LOVELOCK'),(366,4,'R0491','R0491','R0491','R0491 CLEARWATER','CLEARWATER'),(367,4,'R0492','R0492','R0492','R0492 WATERVILLE AREA','WATERVILLE AREA'),(368,4,'R0493','R0493','R0493','R0493 COALINGA','COALINGA'),(369,4,'R0500','R0500','R0500','R0500 JACKSON, JACKSON-NORTHWE','JACKSON, JACKSON-NORTHWEST, PLEASANT LAKE'),(370,4,'R0503','R0503','R0503','R0503 CHANDLER, GILBERT, MESA','CHANDLER, GILBERT, MESA'),(371,4,'R0504','R0504','R0504','R0504 ALMEDIA, BLOOMSBURG, BUC','ALMEDIA, BLOOMSBURG, BUCKHORN'),(372,4,'R0506','R0506','R0506','R0506 BEAVER SPRINGS, BEAVERTO','BEAVER SPRINGS, BEAVERTOWN, MCCLURE'),(373,4,'R0507','R0507','R0507','R0507 CHEMEHUEVI, FT MOHAVE, G','CHEMEHUEVI, FT MOHAVE, GOLDEN SHORES'),(374,4,'R0508','R0508','R0508','R0508 AGUILA, CIRCLE CITY, CON','AGUILA, CIRCLE CITY, CONGRESS'),(375,4,'R0509','R0509','R0509','R0509 ALLENWOOD, DANVILLE, DEW','ALLENWOOD, DANVILLE, DEWART'),(376,4,'R0510','R0510','R0510','R0510 COAL TWP, ELSYBURG, GOWE','COAL TWP, ELSYBURG, GOWEN CITY'),(377,4,'R0511','R0511','R0511','R0511 EL CAJON, JAMUL, SPRING','EL CAJON, JAMUL, SPRING VALLEY'),(378,4,'R0512','R0512','R0512','R0512 FLINT (SOUTHWEST), FLINT','FLINT (SOUTHWEST), FLINT TOWNSHIP (SOUT, GAINES'),(379,4,'R0514','R0514','R0514','R0514 LOS ANGELES','LOS ANGELES'),(380,4,'R0515','R0515','R0515','R0515 ALBUQUERQUE, BELEN, BOSQ','ALBUQUERQUE, BELEN, BOSQUE FARMS'),(381,4,'R0516','R0516','R0516','R0516 ANTES FORT, AVIS, JERSEY','ANTES FORT, AVIS, JERSEY SHORE'),(382,4,'R0517','R0517','R0517','R0517 SANTA ANA, COSTA MESA, G','SANTA ANA, COSTA MESA, GARDEN GROVE'),(383,4,'R0518','R0518','R0518','R0518 YERINGTON','YERINGTON'),(384,4,'R0519','R0519','R0519','R0519 LOYALSOCK','LOYALSOCK'),(385,4,'R0522','R0522','R0522','R0522 NORTHUMBERLAND, PAXINOS,','NORTHUMBERLAND, PAXINOS, SNYDERTOWN'),(386,4,'R0525','R0525','R0525','R0525 CARSON, NORTH BONNEVILLE','CARSON, NORTH BONNEVILLE, SKAMANIA'),(387,4,'R0526','R0526','R0526','R0526 BELL, CUDAHY, HUNTINGTON','BELL, CUDAHY, HUNTINGTON PARK'),(388,4,'R0527','R0527','R0527','R0527 KONA NORTH, KONA SOUTH','KONA NORTH, KONA SOUTH'),(389,4,'R0528','R0528','R0528','R0528 CENTER POINT, COMFORT, H','CENTER POINT, COMFORT, HARPER'),(390,4,'R0535','R0535','R0535','R0535 INCLINE VILLAGE, KINGS B','INCLINE VILLAGE, KINGS BEACH, TAHOE CITY'),(391,4,'R0536','R0536','R0536','R0536 AMSTERDAM/ CHURCH HI, BE','AMSTERDAM/ CHURCH HI, BELGRADE, BOZEMAN'),(392,4,'R0538','R0538','R0538','R0538 BALDY MESA, EL MIRAGE, O','BALDY MESA, EL MIRAGE, OAK HILLS'),(393,4,'R0540','R0540','R0540','R0540 ALBION','ALBION'),(394,4,'R0543','R0543','R0543','R0543 BYLAS, GLOBE, KEARNY','BYLAS, GLOBE, KEARNY'),(395,4,'R0544','R0544','R0544','R0544 HEMET, HOMELAND, MEAD VA','HEMET, HOMELAND, MEAD VALLEY'),(396,4,'R0546','R0546','R0546','R0546 GOLCONDA, GRASS VALLEY,','GOLCONDA, GRASS VALLEY, OROVADA'),(397,4,'R0547','R0547','R0547','R0547 CONCHO, ST JOHNS','CONCHO, ST JOHNS'),(398,4,'R0550','R0550','R0550','R0550 CHALLIS','CHALLIS'),(399,4,'R0551','R0551','R0551','R0551 HARROGATE,TN, LA FOLLETT','HARROGATE,TN, LA FOLLETTE'),(400,4,'R0552','R0552','R0552','R0552 BAYOU VISTA, BERWICK, MO','BAYOU VISTA, BERWICK, MORGAN CITY'),(401,4,'R0556','R0556','R0556','R0556 CARLIN, ELKO, SPRING CRE','CARLIN, ELKO, SPRING CREEK'),(402,4,'R0567','R0567','R0567','R0567 CONEMAUGH TWP, DAVIDSVIL','CONEMAUGH TWP, DAVIDSVILLE, JEROME'),(403,4,'R0568','R0568','R0568','R0568 CHICAGO-EDGEBROOK, CHICA','CHICAGO-EDGEBROOK, CHICAGO-SAUGANASH, EVANSTON 60203'),(404,4,'R0569','R0569','R0569','R0569 WOODBINE','WOODBINE'),(405,4,'R0571','R0571','R0571','R0571 ADA, CASCADE, EAST GRAND','ADA, CASCADE, EAST GRAND RAPIDS'),(406,4,'R0572','R0572','R0572','R0572 HAYWOOD COUNTY','HAYWOOD COUNTY'),(407,4,'R0573','R0573','R0573','R0573 BURLINGTON, ELGIN, HAMPS','BURLINGTON, ELGIN, HAMPSHIRE'),(408,4,'R0574','R0574','R0574','R0574 BENTON HARBOR, BERRIEN S','BENTON HARBOR, BERRIEN SPRGS, EAU CLAIRE'),(409,4,'R0575','R0575','R0575','R0575 ALLEGAN','ALLEGAN'),(410,4,'R0576','R0576','R0576','R0576 BENTON SCHOOL DIST., STI','BENTON SCHOOL DIST., STILLWATER'),(411,4,'R0577','R0577','R0577','R0577 KREAMER, MIDDLEBURG, MT.','KREAMER, MIDDLEBURG, MT. PLEASANT MILLS'),(412,4,'R0578','R0578','R0578','R0578 DUBOISTOWN, NISBET, SOUT','DUBOISTOWN, NISBET, SOUTH WILLIAMSPORT'),(413,4,'R0580','R0580','R0580','R0580 TUCSON','TUCSON'),(414,4,'R0581','R0581','R0581','R0581 ENCANTO, NATIONAL CITY,','ENCANTO, NATIONAL CITY, PARADISE HILLS'),(415,4,'R0583','R0583','R0583','R0583 CORONA, ONTARIO, SOUTH O','CORONA, ONTARIO, SOUTH ONTARIO'),(416,4,'R0584','R0584','R0584','R0584 ALCONA CO, BARTON CITY,','ALCONA CO, BARTON CITY, BLACK RIVER'),(417,4,'R0587','R0587','R0587','R0587 BERKELEY, HILLSIDE','BERKELEY, HILLSIDE'),(418,4,'R0588','R0588','R0588','R0588 DESERT HOT SPRINGS, MORO','DESERT HOT SPRINGS, MORONGO VALLEY'),(419,4,'R0595','R0595','R0595','R0595 CATSKILL, GLASCO, KINGST','CATSKILL, GLASCO, KINGSTON'),(420,4,'R0599','R0599','R0599','R0599 SAN LUIS OBISPO','SAN LUIS OBISPO'),(421,4,'R0601','R0601','R0601','R0601 CENTRAL MAUI, MAUI CENTR','CENTRAL MAUI, MAUI CENTRAL'),(422,4,'R0602','R0602','R0602','R0602 BALDWIN PARK, COVINA, GL','BALDWIN PARK, COVINA, GLENDORA'),(423,4,'R0603','R0603','R0603','R0603 CITY OF COMMERCE, PICO R','CITY OF COMMERCE, PICO RIVERA, DOWNEY'),(424,4,'R0605','R0605','CHAR','R0605 Charlotte, NC','CHARLOTTE, CONCORD, HARRISBURG'),(425,4,'R0607','R0607','R0607','R0607 HARTLETON, LAURELTON, MI','HARTLETON, LAURELTON, MIFFLINBURG'),(426,4,'R0608','R0608','R0608','R0608 FORT PLAIN, FT. PLAIN, N','FORT PLAIN, FT. PLAIN, NELLISTON'),(427,4,'R0609','R0609','R0609','R0609 WAYLAND','WAYLAND'),(428,4,'R0610','R0610','R0610','R0610 EAST JACKSON, GRASS LAKE','EAST JACKSON, GRASS LAKE, MICHIGAN CENTER'),(429,4,'R0611','R0611','R0611','R0611 MANHATTAN, MANHATTAN ISL','MANHATTAN, MANHATTAN ISLAND, UPPER WEST SIDE'),(430,4,'R0612','R0612','R0612','R0612 MCMINN, MEIGS','MCMINN, MEIGS'),(431,4,'R0613','R0613','R0613','R0613 BANGOR, BENTON HARBOR, C','BANGOR, BENTON HARBOR, COLOMA'),(432,4,'R0614','R0614','R0614','R0614 CALUSA, CROSSINGS, HAMMO','CALUSA, CROSSINGS, HAMMOCKS'),(433,4,'R0615','R0615','R0615','R0615 FREEBURG, HUMMELS WHARF,','FREEBURG, HUMMELS WHARF, MIDDLEBURG'),(434,4,'R0624','R0624','R0624','R0624 WALNUT','WALNUT'),(435,4,'R0627','R0627','R0627','R0627 BIG POOL, BIG SPRING, CE','BIG POOL, BIG SPRING, CEARFOSS'),(436,4,'R0629','R0629','R0629','R0629 ATKINSON, CHAMBERS, EMME','ATKINSON, CHAMBERS, EMMETT'),(437,4,'R0630','R0630','R0630','R0630 COTO DE CAZA, DOVE CANYO','COTO DE CAZA, DOVE CANYON, LADERA RANCH'),(438,4,'R0631','R0631','R0631','R0631 EDWARDS AFB','EDWARDS AFB'),(439,4,'R0633','R0633','R0633','R0633 MILTON, MILTON W, MONTAN','MILTON, MILTON W, MONTANDON'),(440,4,'R0636','R0636','R0636','R0636 CONSTABLE, GLENFIELD, GR','CONSTABLE, GLENFIELD, GRIEG'),(441,4,'R0638','R0638','R0638','R0638 ANTELOPE ACRES, GREEN VA','ANTELOPE ACRES, GREEN VALLEY, LAKE ELIZABETH'),(442,4,'R0640','R0640','R0640','R0640 BIG SANDY, CHOUTEAU COUN','BIG SANDY, CHOUTEAU COUNTY, FT BENTON'),(443,4,'R0641','R0641','R0641','R0641 BANNING, BEAUMONT, CABAZ','BANNING, BEAUMONT, CABAZON'),(444,4,'R0643','R0643','R0643','R0643 BATTLE MOUNTAIN, CRESCEN','BATTLE MOUNTAIN, CRESCENT VALLEY, VALMY'),(445,4,'R0644','R0644','R0644','R0644 COOPER CITY, DAVIE, FT L','COOPER CITY, DAVIE, FT LAUDERDALE COUNTY'),(446,4,'R0646','R0646','R0646','R0646 FAIRFIELD, MIDDLEVILLE,','FAIRFIELD, MIDDLEVILLE, NEWPORT'),(447,4,'R0647','R0647','R0647','R0647 BETHEL, CALLICOON, CALLI','BETHEL, CALLICOON, CALLICOON CENTER'),(448,4,'R0649','R0649','R0649','R0649 BLOUNT COUNTY, ONEONTA C','BLOUNT COUNTY, ONEONTA COUNTY'),(449,4,'R0652','R0652','R0652','R0652 LYNWOOD, SOUTH GATE','LYNWOOD, SOUTH GATE'),(450,4,'R0654','R0654','R0654','R0654 BANDERA COUNTY, LAKEHILL','BANDERA COUNTY, LAKEHILLS, MEDINA'),(451,4,'R0657','R0657','R0657','R0657 BAKERSFIELD S E','BAKERSFIELD S E'),(452,4,'R0658','R0658','R0658','R0658 MOHAWK, VAN HORNESVILLE','MOHAWK, VAN HORNESVILLE'),(453,4,'R0659','R0659','R0659','R0659 BEDFORD COUNTY','BEDFORD COUNTY'),(454,4,'R0660','R0660','R0660','R0660 BIG COPIT, BIG PINE, BIG','BIG COPIT, BIG PINE, BIG TORCH KEY'),(455,4,'R0661','R0661','R0661','R0661 DIAMOND BAR, PHILLIPS RA','DIAMOND BAR, PHILLIPS RANCH, POMONA'),(456,4,'R0663','R0663','R0663','R0663 CATAWISSA, ELYSBURG, NUM','CATAWISSA, ELYSBURG, NUMIDIA'),(457,4,'R0664','R0664','R0664','R0664 CENTRAL UTICA','CENTRAL UTICA'),(458,4,'R0665','R0665','R0665','R0665 ADELANTO, APPLE VALLEY,','ADELANTO, APPLE VALLEY, HESPERIA'),(459,4,'R0669','R0669','R0669','R0669 BANGOR, BLOOMINGDALE, CO','BANGOR, BLOOMINGDALE, COVERT'),(460,4,'R0670','R0670','R0670','R0670 GARRETT, MEYERSDALE, WEL','GARRETT, MEYERSDALE, WELLERSBURG'),(461,4,'R0671','R0671','R0671','R0671 CEDAR CREST, ESTANCIA VA','CEDAR CREST, ESTANCIA VALLEY, MORIARTY'),(462,4,'R0672','R0672','R0672','R0672 HOUGHTON LAKE, PRUDENVIL','HOUGHTON LAKE, PRUDENVILLE'),(463,4,'R0673','R0673','R0673','R0673 ALGONAC, CHINA E, CHINA','ALGONAC, CHINA E, CHINA TWP'),(464,4,'R0674','R0674','R0674','R0674 CASCADE COUNTY, GREAT FA','CASCADE COUNTY, GREAT FALLS'),(465,4,'R0675','R0675','R0675','R0675 CALEDONIA, DUTTON','CALEDONIA, DUTTON'),(466,4,'R0676','R0676','R0676','R0676 ALLENDALE, GEORGETOWN, G','ALLENDALE, GEORGETOWN, GRANDVILLE'),(467,4,'R0677','R0677','R0677','R0677 ACTON, AQUA DULCE, CANYO','ACTON, AQUA DULCE, CANYON COUNTRY'),(468,4,'R0678','R0678','R0678','R0678 CANYON COUNTRY, CASTAIC,','CANYON COUNTRY, CASTAIC, NEWHALL'),(469,4,'R0681','R0681','R0681','R0681 ARENDTSVILLE, ASPERS, BI','ARENDTSVILLE, ASPERS, BIGLERVILLE'),(470,4,'R0683','R0683','R0683','R0683 CARPINTERIA, LA CONCHITA','CARPINTERIA, LA CONCHITA, MONTECITO'),(471,4,'R0684','R0684','R0684','R0684 CLARKSTOWN, HUGHESVILLE,','CLARKSTOWN, HUGHESVILLE, HUNTERSTOWN'),(472,4,'R0687','R0687','R0687','R0687 DUSHORE, EAGLES MERE, FO','DUSHORE, EAGLES MERE, FORKSVILLE'),(473,4,'R0688','R0688','R0688','R0688 APACHE JUNCTION, CHANDLE','APACHE JUNCTION, CHANDLER, GILBERT'),(474,4,'R0689','R0689','R0689','R0689 ALGER, GLADWIN, LUPTON','ALGER, GLADWIN, LUPTON'),(475,4,'R0690','R0690','R0690','R0690 COGAN STATION, MONTOURSV','COGAN STATION, MONTOURSVILLE, TROUT RUN'),(476,4,'R0692','R0692','R0692','R0692 ELIMSPORT, MONTGOMERY','ELIMSPORT, MONTGOMERY'),(477,4,'R0697','R0697','R0697','R0697 OAK PARK, RIVER FOREST','OAK PARK, RIVER FOREST'),(478,4,'R0698','R0698','R0698','R0698 PAULINA, POST, POWELL BU','PAULINA, POST, POWELL BUTTE'),(479,4,'R0702','R0702','R0702','R0702 CABLE, HAYWARD, SEELEY','CABLE, HAYWARD, SEELEY'),(480,4,'R0703','R0703','R0703','R0703 COLVER, CRESSON, EBENSBU','COLVER, CRESSON, EBENSBURG'),(481,4,'R0705','R0705','R0705','R0705 KEY COLONY BEACH, LAYTON','KEY COLONY BEACH, LAYTON, MARATHON'),(482,4,'R0708','R0708','R0708','R0708 CENTER LINE, FERNDALE, F','CENTER LINE, FERNDALE, FRASER'),(483,4,'R0709','R0709','R0709','R0709 FAIRFIELD','FAIRFIELD'),(484,4,'R0710','R0710','R0710','R0710 NORTH VALLEY, RENO','NORTH VALLEY, RENO'),(485,4,'R0711','R0711','R0711','R0711 BERWICK, NESCOPECK','BERWICK, NESCOPECK'),(486,4,'R0712','R0712','R0712','R0712 IMPERIAL BEACH, SAN DIEG','IMPERIAL BEACH, SAN DIEGO-SOUTH, SAN YSIDRO'),(487,4,'R0713','R0713','R0713','R0713 LOGAN, MAGNOLIA','LOGAN, MAGNOLIA'),(488,4,'R0714','R0714','R0714','R0714 FREDERICKSBURG','FREDERICKSBURG'),(489,4,'R0715','R0715','R0715','R0715 EAST PROVIDENCE, PAWTUCK','EAST PROVIDENCE, PAWTUCKET, RIVERSIDE'),(490,4,'R0716','R0716','R0716','R0716 NIPOMO','NIPOMO'),(491,4,'R0717','R0717','R0717','R0717 LOCKPORT','LOCKPORT'),(492,4,'R0718','R0718','R0718','R0718 HINCKLEY-BIG ROCK, KIRKL','HINCKLEY-BIG ROCK, KIRKLAND, MAPLE PARK'),(493,4,'R0719','R0719','R0719','R0719 APPLE RVR, DUBUQUE-E, EL','APPLE RVR, DUBUQUE-E, ELIZABETH'),(494,4,'R0721','R0721','R0721','R0721 DAVISON AREA, GOODRICH,','DAVISON AREA, GOODRICH, LAPEER'),(495,4,'R0722','R0722','R0722','R0722 CAMPOBELLO, CHESNEE, COW','CAMPOBELLO, CHESNEE, COWPENS'),(496,4,'R0723','R0723','R0723','R0723 SPARTANBURG EAST','SPARTANBURG EAST'),(497,4,'R0724','R0724','R0724','R0724 HUNLOCK CREEK, HUNTINGTO','HUNLOCK CREEK, HUNTINGTON MILLS, N.W. SCHOOL DISTRICT'),(498,4,'R0725','R0725','R0725','R0725 ATHENS, BATTLE CREEK, CE','ATHENS, BATTLE CREEK, CERESCO'),(499,4,'R0726','R0726','R0726','R0726 BULL VALLEY, MARENGO, WO','BULL VALLEY, MARENGO, WONDER LAKE'),(500,4,'R0727','R0727','R0727','R0727 ROANE COUNTY','ROANE COUNTY'),(501,4,'R0728','R0728','R0728','R0728 GREATER JOHNSTOWN','GREATER JOHNSTOWN'),(502,4,'R0731','R0731','R0731','R0731 ARBOR VITAE, BOULDER JUN','ARBOR VITAE, BOULDER JUNCTION, HARSHAW'),(503,4,'R0732','R0732','R0732','R0732 WOODSTOCK','WOODSTOCK'),(504,4,'R0733','R0733','R0733','R0733 ORLAND PARK, PALOS HEIGH','ORLAND PARK, PALOS HEIGHTS, PALOS PARK'),(505,4,'R0734','R0734','R0734','R0734 WINDBER','WINDBER'),(506,4,'R0735','R0735','R0735','R0735 EVANSTON, NE CHICAGO(ROG','EVANSTON, NE CHICAGO(ROGERS PA, SKOKIE'),(507,4,'R0738','R0738','R0738','R0738 HILO, KEAAU, KURTISTOWN','HILO, KEAAU, KURTISTOWN'),(508,4,'R0739','R0739','R0739','R0739 LAUGHLIN','LAUGHLIN'),(509,4,'R0740','R0740','R0740','R0740 SIERRAVILLE, SODA SPRING','SIERRAVILLE, SODA SPRINGS, TRUCKEE'),(510,4,'R0741','R0741','R0741','R0741 ADELAIDE, ATASCADERO, CR','ADELAIDE, ATASCADERO, CRESTON'),(511,4,'R0742','R0742','R0742','R0742 ADDISON, ALLEN, CAMDEN','ADDISON, ALLEN, CAMDEN'),(512,4,'R0743','R0743','R0743','R0743 ALLENTON, ARMADA, BERVIL','ALLENTON, ARMADA, BERVILLE'),(513,4,'R0746','R0746','R0746','R0746 CLARKSVILLE, FENWICK, IO','CLARKSVILLE, FENWICK, IONIA'),(514,4,'R0747','R0747','R0747','R0747 ST. JOHNSVILLE','ST. JOHNSVILLE'),(515,4,'R0750','R0750','R0750','R0750 HARLAN','HARLAN'),(516,4,'R0751','R0751','R0751','R0751 CHICAGO SOUTH, HYDE PARK','CHICAGO SOUTH, HYDE PARK, KENWOOD'),(517,4,'R0752','R0752','R0752','R0752 GOLDEN VALLEY, HACKBERRY','GOLDEN VALLEY, HACKBERRY, KINGMAN'),(518,4,'R0753','R0753','R0753','R0753 ELKTON, PIGEON','ELKTON, PIGEON'),(519,4,'R0757','R0757','R0757','R0757 AGUILAR, HOEHNE, LAS ANI','AGUILAR, HOEHNE, LAS ANIMAS COUNTY'),(520,4,'R0759','R0759','R0759','R0759 AGOURA, CALABASAS, MALIB','AGOURA, CALABASAS, MALIBU'),(521,4,'R0763','R0763','R0763','R0763 FANNETT, METAL TOWNSHIPS','FANNETT, METAL TOWNSHIPS'),(522,4,'R0766','R0766','R0766','R0766 AINSWORTH, CARMAN, FLINT','AINSWORTH, CARMAN, FLINT'),(523,4,'R0767','R0767','R0767','R0767 KENTWOOD, BAILYS GROVE,','KENTWOOD, BAILYS GROVE, GAINES TOWNSHIP'),(524,4,'R0769','R0769','R0769','R0769 EWA BEACH, VILLAGE PARK,','EWA BEACH, VILLAGE PARK, WAIKELE'),(525,4,'R0771','R0771','R0771','R0771 FRANKENMUTH','FRANKENMUTH'),(526,4,'R0775','R0775','R0775','R0775 CLAYSBURG, DUNCANSVILLE,','CLAYSBURG, DUNCANSVILLE, EAST FREEDOM'),(527,4,'R0779','R0779','R0779','R0779 CHINO, CHINO HILLS, DIAM','CHINO, CHINO HILLS, DIAMOND BAR'),(528,4,'R0780','R0780','R0780','R0780 CLAIREMONT, KEARNY MESA,','CLAIREMONT, KEARNY MESA, LINDA VISTA'),(529,4,'R0781','R0781','R0781','R0781 SHIPPENSBURG AREA','SHIPPENSBURG AREA'),(530,4,'R0782','R0782','R0782','R0782 ORISKANY, WESTMORELAND','ORISKANY, WESTMORELAND'),(531,4,'R0783','R0783','R0783','R0783 BLUE ISLAND','BLUE ISLAND'),(532,4,'R0785','R0785','R0785','R0785 GOLDEN HILL, HILLCREST,','GOLDEN HILL, HILLCREST, NORMAL HEIGHTS'),(533,4,'R0786','R0786','R0786','R0786 DAKOTA, FORRESTON, FREEP','DAKOTA, FORRESTON, FREEPORT'),(534,4,'R0789','R0789','R0789','R0789 AERIAL ACRES, BORON, CAL','AERIAL ACRES, BORON, CALIFORNIA CITY'),(535,4,'R0790','R0790','R0790','R0790 HARRINGTON PARK','HARRINGTON PARK'),(536,4,'R0791','R0791','R0791','R0791 FIRTH, SHELLEY','FIRTH, SHELLEY'),(537,4,'R0792','R0792','R0792','R0792 SAUQUOIT','SAUQUOIT'),(538,4,'R0794','R0794','R0794','R0794 MORTON GROVE','MORTON GROVE'),(539,4,'R0795','R0795','R0795','R0795 CANOGA PARK, CHATSWORTH,','CANOGA PARK, CHATSWORTH, NORTHRIDGE'),(540,4,'R0796','R0796','R0796','R0796 ANDERSONVILLE, CLINTON,','ANDERSONVILLE, CLINTON, FAIRVIEW'),(541,4,'R0797','R0797','R0797','R0797 HOMELAND, NUEVO, PERRIS','HOMELAND, NUEVO, PERRIS'),(542,4,'R0800','R0800','R0800','R0800 GRANTS, LAGUNA, MILAN','GRANTS, LAGUNA, MILAN'),(543,4,'R0801','R0801','R0801','R0801 EAST BERLIN, YORK SPRING','EAST BERLIN, YORK SPRINGS'),(544,4,'R0803','R0803','R0803','R0803 EAU CLAIRE','EAU CLAIRE'),(545,4,'R0805','R0805','R0805','R0805 CUTLER RIDGE, FLORIDA CI','CUTLER RIDGE, FLORIDA CITY, HOMESTEAD'),(546,4,'R0808','R0808','R0808','R0808 PAHRUMP','PAHRUMP'),(547,4,'R0809','R0809','R0809','R0809 DOUGLAS, ELFRIDA, MCNEAL','DOUGLAS, ELFRIDA, MCNEAL'),(548,4,'R0812','R0812','R0812','R0812 BAD AXE, HARBOR BEACH, P','BAD AXE, HARBOR BEACH, PORT AUSTIN'),(549,4,'R0813','R0813','R0813','R0813 INDIO','INDIO'),(550,4,'R0814','R0814','R0814','R0814 BANCROFT, BYRON, CORUNNA','BANCROFT, BYRON, CORUNNA'),(551,4,'R0815','R0815','R0815','R0815 BYRON CENTER, CALEDONIA,','BYRON CENTER, CALEDONIA, CUTLERVILLE'),(552,4,'R0816','R0816','R0816','R0816 AUGUSTA COUNTY, STAUNTON','AUGUSTA COUNTY, STAUNTON, WAYNESBORO'),(553,4,'R0817','R0817','R0817','R0817 BENTLEY, GENESEE, KEARSL','BENTLEY, GENESEE, KEARSLEY'),(554,4,'R0818','R0818','R0818','R0818 UPCOUNTRY MAUI','UPCOUNTRY MAUI'),(555,4,'R0819','R0819','R0819','R0819 LITTLE SIOUX, MODALE, MO','LITTLE SIOUX, MODALE, MONDAMIN'),(556,4,'R0820','R0820','R0820','R0820 CANYON LAKE, HOMELAND-PA','CANYON LAKE, HOMELAND-PARTS OF, LAKE ELSINORE-PARTS'),(557,4,'R0821','R0821','R0821','R0821 MONTROSE','MONTROSE'),(558,4,'R0823','R0823','R0823','R0823 DAVISBURG, HOLLY, WHITE','DAVISBURG, HOLLY, WHITE LAKE'),(559,4,'R0825','R0825','R0825','R0825 BAY CITY, BENTLEY, KAWKA','BAY CITY, BENTLEY, KAWKAWLIN'),(560,4,'R0826','R0826','R0826','R0826 GRANDVILLE, WALKER, WYOM','GRANDVILLE, WALKER, WYOMING'),(561,4,'R0827','R0827','R0827','R0827 MOJAVE, ROSAMOND','MOJAVE, ROSAMOND'),(562,4,'R0828','R0828','R0828','R0828 BEVERLY, COALTON, ELKINS','BEVERLY, COALTON, ELKINS'),(563,4,'R0829','R0829','R0829','R0829 CHERRY VALLEY, JORDANVIL','CHERRY VALLEY, JORDANVILLE, OWEN D. YOUNG C.S.'),(564,4,'R0831','R0831','R0831','R0831 DAILEY, HELVETIA, HUTTON','DAILEY, HELVETIA, HUTTONSVILLE'),(565,4,'R0834','R0834','R0834','R0834 EASTON','EASTON'),(566,4,'R0835','R0835','R0835','R0835 EVANSTON','EVANSTON'),(567,4,'R0837','R0837','R0837','R0837 AMADO, ARIVACA, CONTINEN','AMADO, ARIVACA, CONTINENTAL'),(568,4,'R0838','R0838','R0838','R0838 CORAL GABLES, DORAL, DOR','CORAL GABLES, DORAL, DORAL BRANCH'),(569,4,'R0839','R0839','R0839','R0839 JULIAN, SANTA YSABEL, SH','JULIAN, SANTA YSABEL, SHELTER VALLEY'),(570,4,'R0840','R0840','R0840','R0840 CANASTOTA, DURHAMVILLE,','CANASTOTA, DURHAMVILLE, MUNNSVILLE'),(571,4,'R0842','R0842','R0842','R0842 TAFT','TAFT'),(572,4,'R0843','R0843','R0843','R0843 SMITH VALLEY','SMITH VALLEY'),(573,4,'R0846','R0846','R0846','R0846 CARSON, WILMINGTON','CARSON, WILMINGTON'),(574,4,'R0847','R0847','R0847','R0847 ALBA, BELLAIRE, CENTRAL','ALBA, BELLAIRE, CENTRAL LAKE'),(575,4,'R0851','R0851','R0851','R0851 BEECHER, GENESEE, MT. MO','BEECHER, GENESEE, MT. MORRIS'),(576,4,'R0854','R0854','R0854','R0854 CHAMBERSBURG, FAYETTEVIL','CHAMBERSBURG, FAYETTEVILLE, MARION'),(577,4,'R0855','R0855','R0855','R0855 MAMMOTH, ORACLE, SAN MAN','MAMMOTH, ORACLE, SAN MANUEL'),(578,4,'R0859','R0859','R0859','R0859 GREENCASTLE, MARION, SHA','GREENCASTLE, MARION, SHADY GROVE'),(579,4,'R0860','R0860','R0860','R0860 MERCERSBURG','MERCERSBURG'),(580,4,'R0861','R0861','R0861','R0861 ACCIDENT, BITTINGER, FIN','ACCIDENT, BITTINGER, FINZEL'),(581,4,'R0862','R0862','R0862','R0862 BATH, ELSIE, LAINGSBURG','BATH, ELSIE, LAINGSBURG'),(582,4,'R0863','R0863','R0863','R0863 ASHTON, CHANA, CRESTON','ASHTON, CHANA, CRESTON'),(583,4,'R0864','R0864','R0864','R0864 ISLAMORADA, KEY LARGO, L','ISLAMORADA, KEY LARGO, LAYTON'),(584,4,'R0867','R0867','R0867','R0867 LANCASTER, PALMDALE','LANCASTER, PALMDALE'),(585,4,'R0870','R0870','R0870','R0870 ALBANY, BROWNSVILLE, HAL','ALBANY, BROWNSVILLE, HALSEY'),(586,4,'R0872','R0872','R0872','R0872 ASHTON, BRISTOL, CHASE','ASHTON, BRISTOL, CHASE'),(587,4,'R0873','R0873','R0873','R0873 MILFORD, KANARRAVILLE, C','MILFORD, KANARRAVILLE, CEDAR CITY'),(588,4,'R0875','R0875','R0875','R0875 GERING, SCOTTSBLUFF','GERING, SCOTTSBLUFF'),(589,4,'R0878','R0878','R0878','R0878 APPLE VALLEY, BALDY MESA','APPLE VALLEY, BALDY MESA, HESPERIA'),(590,4,'R0879','R0879','R0879','R0879 GLENDALE','GLENDALE'),(591,4,'R0880','R0880','R0880','R0880 BRUCE TOWNSHIP, LEONARD,','BRUCE TOWNSHIP, LEONARD, OAKLAND TOWNSHIP'),(592,4,'R0881','R0881','R0881','R0881 ELK RAPIDS, RAPID CITY,','ELK RAPIDS, RAPID CITY, WILLIAMSBURG'),(593,4,'R0884','R0884','R0884','R0884 ANTELOPE, CARMICHAEL, CI','ANTELOPE, CARMICHAEL, CITRUS HEIGHTS'),(594,4,'R0887','R0887','R0887','R0887 BOARDMAN, ECHO, HEPPNER','BOARDMAN, ECHO, HEPPNER'),(595,4,'R0889','R0889','R0889','R0889 ALISO VIEJO, LAGUNA HILL','ALISO VIEJO, LAGUNA HILLS, LAGUNA NIGUEL'),(596,4,'R0891','R0891','R0891','R0891 FT. SHERIDAN, HIGHLAND P','FT. SHERIDAN, HIGHLAND PARK, HIGHWOOD'),(597,4,'R0892','R0892','R0892','R0892 HONOKOWAI, KAHANA, KAPAL','HONOKOWAI, KAHANA, KAPALUA'),(598,4,'R0895','R0895','R0895','R0895 KIHEI, WAILEA','KIHEI, WAILEA'),(599,4,'R0901','R0901','R0901','R0901 BIG COPPITT KEY, BIG PIN','BIG COPPITT KEY, BIG PINE KEY, BIG TORCH KEY'),(600,4,'R0902','R0902','R0902','R0902 CEDAR SPRINGS, HOWARD CI','CEDAR SPRINGS, HOWARD CITY, ROCKFORD'),(601,4,'R0908','R0908','R0908','R0908 BALDWIN PARK, CITY OF IN','BALDWIN PARK, CITY OF INDUSTRY, EL MONTE'),(602,4,'R0909','R0909','R0909','R0909 FORBES RD SCH DIST.','FORBES RD SCH DIST.'),(603,4,'R0910','R0910','R0910','R0910 KINGSLEY','KINGSLEY'),(604,4,'R0913','R0913','R0913','R0913 ALMA CENTER, BLACK RIVER','ALMA CENTER, BLACK RIVER FALLS, BLAIR'),(605,4,'R0918','R0918','R0918','R0918 CAMDEN, MCCONNELLSVILLE,','CAMDEN, MCCONNELLSVILLE, NORTHBAY'),(606,4,'R0919','R0919','R0919','R0919 ALGONAC, HARRISTOWN TOWN','ALGONAC, HARRISTOWN TOWNSHIP'),(607,4,'R0922','R0922','R0922','R0922 ORO VALLEY, TUCSON','ORO VALLEY, TUCSON'),(608,4,'R0923','R0923','R0923','R0923 SALMON','SALMON'),(609,4,'R0928','R0928','R0928','R0928 BELEN','BELEN'),(610,4,'R0929','R0929','R0929','R0929 DALMATIA, HERNDON, LECKK','DALMATIA, HERNDON, LECKKILL'),(611,4,'R0930','R0930','R0930','R0930 BOULEVARD, CAMPO, DESCAN','BOULEVARD, CAMPO, DESCANSO'),(612,4,'R0933','R0933','R0933','R0933 KALAMAZOO, LAWTON, MATTA','KALAMAZOO, LAWTON, MATTAWAN'),(613,4,'R0940','R0940','R0940','R0940 ELEELE-LIHUE-WAIMEA, HAN','ELEELE-LIHUE-WAIMEA, HANAMAULU-HANAPEPE, KALAHEO-LAWAI'),(614,4,'R0941','R0941','R0941','R0941 ANAHOLA-KAPAA, HANALEI,','ANAHOLA-KAPAA, HANALEI, KEALIA'),(615,4,'R0942','R0942','R0942','R0942 AUGRES, TAWAS','AUGRES, TAWAS'),(616,4,'R0944','R0944','R0944','R0944 HERSHEY, PAXTON, SUTHERL','HERSHEY, PAXTON, SUTHERLAND'),(617,4,'R0953','R0953','R0953','R0953 SILVER SPRINGS, STAGE CO','SILVER SPRINGS, STAGE COACH'),(618,4,'R0955','R0955','R0955','R0955 CAPAC, EMMETT, MEMPHIS','CAPAC, EMMETT, MEMPHIS'),(619,4,'R0956','R0956','R0956','R0956 MARIPOSA COUNTY','MARIPOSA COUNTY'),(620,4,'R0957','R0957','R0957','R0957 AU SABLE, GREENBUSH, MIK','AU SABLE, GREENBUSH, MIKADO'),(621,4,'R0965','R0965','R0965','R0965 ACCORD, COTTEKILL, HIGH','ACCORD, COTTEKILL, HIGH FLS'),(622,4,'R0968','R0968','R0968','R0968 LAMAR, MACKEYVILLE, MILL','LAMAR, MACKEYVILLE, MILL HALL'),(623,4,'R0969','R0969','R0969','R0969 CHOCTAW, DEL CITY, FORES','CHOCTAW, DEL CITY, FOREST PARK'),(624,4,'R0971','R0971','R0971','R0971 ATLAS, DOOLEYVILLE, KULP','ATLAS, DOOLEYVILLE, KULPMONT'),(625,4,'R0975','R0975','R0975','R0975 AARONSBURG, CENTRE HALL,','AARONSBURG, CENTRE HALL, COBURN'),(626,4,'R0976','R0976','R0976','R0976 LOGANTON, SUGAR VALLEY,','LOGANTON, SUGAR VALLEY, TYLERSVILLE'),(627,4,'R0979','R0979','R0979','R0979 BEECH CREEK, BLANCHARD,','BEECH CREEK, BLANCHARD, HOWARD'),(628,4,'R0980','R0980','R0980','R0980 BEACH PARK, GURNEE, KENO','BEACH PARK, GURNEE, KENOSHA'),(629,4,'R0981','R0981','R0981','R0981 FILLMORE','FILLMORE'),(630,4,'R0985','R0985','R0985','R0985 MOLOKAI','MOLOKAI'),(631,4,'R0989','R0989','R0989','R0989 FULTON -SOUTH, MARTIN, O','FULTON -SOUTH, MARTIN, OBION'),(632,4,'R0994','R0994','R0994','R0994 BREWSTER, COLBY, GRINNEL','BREWSTER, COLBY, GRINNELL'),(633,4,'R0995','R0995','R0995','R0995 CRYSTAL BAY, INCLINE VIL','CRYSTAL BAY, INCLINE VILLAGE'),(634,4,'R0996','R0996','R0996','R0996 ADAMS TOWNSHIP, BEAVERDA','ADAMS TOWNSHIP, BEAVERDALE, CROYLE TOWNSHIP'),(635,4,'R0998','R0998','R0998','R0998 MCCONNELLSBURG','MCCONNELLSBURG'),(636,4,'R1000','R1000','R1000','R1000 ENGLISH-S, KALONA, KEOTA','ENGLISH-S, KALONA, KEOTA'),(637,4,'R1001','R1001','R1001','R1001 WELLS','WELLS'),(638,4,'R1003','R1003','R1003','R1003 RIDGE-HYNDMAN','RIDGE-HYNDMAN'),(639,4,'R1004','R1004','R1004','R1004 BAKERS SUMMIT, CURRYVILL','BAKERS SUMMIT, CURRYVILLE, HOPEWELL'),(640,4,'R1005','R1005','R1005','R1005 AMERY, DRESSER, NEW RICH','AMERY, DRESSER, NEW RICHMOND'),(641,4,'R1007','R1007','R1007','R1007 BANNOCKBURN, DEERFIELD,','BANNOCKBURN, DEERFIELD, HIGHLAND PARK'),(642,4,'R1008','R1008','R1008','R1008 GOUVERNEUR','GOUVERNEUR'),(643,4,'R1011','R1011','R1011','R1011 GUNTERSVILLE','GUNTERSVILLE'),(644,4,'R1012','R1012','R1012','R1012 KAU  - DISTRICT OF, NAAL','KAU  - DISTRICT OF, NAALEHU, OCEAN VIEW'),(645,4,'R1013','R1013','R1013','R1013 DE FOREST, FITCHBURG, MA','DE FOREST, FITCHBURG, MADISON'),(646,4,'R1015','R1015','R1015','R1015 AMES, CANAJOHARIE, PALAT','AMES, CANAJOHARIE, PALATINE BRIDGE'),(647,4,'R1018','R1018','R1018','R1018 BLOOMINGTON','BLOOMINGTON'),(648,4,'R1020','R1020','R1020','R1020 LAKESIDE, PINETOP, WHITE','LAKESIDE, PINETOP, WHITE RIVER'),(649,4,'R1021','R1021','R1021','R1021 SHARON SPRINGS','SHARON SPRINGS'),(650,4,'R1026','R1026','R1026','R1026 AURORA, MACEDONIA, NORTH','AURORA, MACEDONIA, NORTHFIELD'),(651,4,'R1028','R1028','R1028','R1028 ALTUS, MULBERRY, OZARK','ALTUS, MULBERRY, OZARK'),(652,4,'R1031','R1031','R1031','R1031 BALDWIN HILLS, LADERA HE','BALDWIN HILLS, LADERA HEIGHTS, SOUTH LOS ANGELES'),(653,4,'R1032','R1032','R1032','R1032 MOSCOW, RUSSIA','MOSCOW, RUSSIA'),(654,4,'R1034','R1034','R1034','R1034 EXETER, IVANHOE, WOODLAK','EXETER, IVANHOE, WOODLAKE'),(655,4,'R1043','R1043','R1043','R1043 CUMBERLAND, LAVALE','CUMBERLAND, LAVALE'),(656,4,'R1046','R1046','R1046','R1046 AHWATUKEE, AHWATUKEE FOO','AHWATUKEE, AHWATUKEE FOOTHILLS, CHANDLER'),(657,4,'R1047','R1047','R1047','R1047 LELAND, NEWARK, PLANO','LELAND, NEWARK, PLANO'),(658,4,'R1049','R1049','R1049','R1049 FIFE LAKE, KALKASKA, SOU','FIFE LAKE, KALKASKA, SOUTH BOARDMAN'),(659,4,'R1051','R1051','R1051','R1051 FALMOUTH, LAKE CITY, MCB','FALMOUTH, LAKE CITY, MCBAIN'),(660,4,'R1052','R1052','R1052','R1052 HALIFAX COUNTY, SOUTH BO','HALIFAX COUNTY, SOUTH BOSTON'),(661,4,'R1053','R1053','R1053','R1053 CALLAWAY, COZAD, EUSTIS','CALLAWAY, COZAD, EUSTIS'),(662,4,'R1055','R1055','R1055','R1055 BROWNVILLE, CHAUMONT, DE','BROWNVILLE, CHAUMONT, DEXTER'),(663,4,'R1056','R1056','R1056','R1056 BESSEMER, HURLEY - WI, I','BESSEMER, HURLEY - WI, IRONWOOD-MI'),(664,4,'R1065','R1065','R1065','R1065 EAST LOS ANGELES, MONTEB','EAST LOS ANGELES, MONTEBELLO, MONTEREY PARK'),(665,4,'R1073','R1073','R1073','R1073 MONROE, WOODBURY SCH DIS','MONROE, WOODBURY SCH DIST'),(666,4,'R1074','R1074','R1074','R1074 BURNHAM, CALUMET CITY, C','BURNHAM, CALUMET CITY, CHICAGO'),(667,4,'R1075','R1075','R1075','R1075 SIERRA COUNTY, TRUTH OR','SIERRA COUNTY, TRUTH OR CONSEQUENCE'),(668,4,'R1077','R1077','R1077','R1077 ATWOOD, BRUCETON, BRUCET','ATWOOD, BRUCETON, BRUCETON/HOLLOW ROCK'),(669,4,'R1079','R1079','R1079','R1079 APACHE JUNCTION, GILBERT','APACHE JUNCTION, GILBERT, GOLD CANYON'),(670,4,'R1084','R1084','R1084','R1084 ALABAMA, BASOM, ELBA','ALABAMA, BASOM, ELBA'),(671,4,'R1088','R1088','R1088','R1088 ARMAGH, BLACKLICK, BLAIR','ARMAGH, BLACKLICK, BLAIRSVILLE'),(672,4,'R1089','R1089','R1089','R1089 BOGOTA, CLIFFSIDE PARK,','BOGOTA, CLIFFSIDE PARK, ENGLEWOOD'),(673,4,'R1090','R1090','R1090','R1090 ECKHART, FROSTBURG, GEOR','ECKHART, FROSTBURG, GEORGES CREEK'),(674,4,'R1091','R1091','R1091','R1091 CAMDEN COUNTY, ELIZABETH','CAMDEN COUNTY, ELIZABETH CITY, HERTFORD'),(675,4,'R1092','R1092','R1092','R1092 KEAUKAHA, PANAGEWA','KEAUKAHA, PANAGEWA'),(676,4,'R1096','R1096','R1096','R1096 ANDERSON, FLORENCE, KILL','ANDERSON, FLORENCE, KILLEN'),(677,4,'R1097','R1097','R1097','R1097 MARSHALL','MARSHALL'),(678,4,'R1099','R1099','R1099','R1099 EL GRANADA, HALF MOON BA','EL GRANADA, HALF MOON BAY, MONTARA'),(679,4,'R1100','R1100','R1100','R1100 LIBERTY','LIBERTY'),(680,4,'R1101','R1101','R1101','R1101 BIG MOOSE, INLET &AMP; E','BIG MOOSE, INLET &AMP; EAGLE BAY, OLD FORGE'),(681,4,'R1103','R1103','R1103','R1103 AMANA COLONIES, ATKINS,','AMANA COLONIES, ATKINS, BELLE PLAINE'),(682,4,'R1104','R1104','R1104','R1104 ELLENVILLE','ELLENVILLE'),(683,4,'R1105','R1105','R1105','R1105 CARSONVILLE, DECKERVILLE','CARSONVILLE, DECKERVILLE, SANDUSKY'),(684,4,'R1106','R1106','R1106','R1106 CLIFFORD, KINGSTON, MARL','CLIFFORD, KINGSTON, MARLETTE'),(685,4,'R1109','R1109','R1109','R1109 ALMENA, CUMBERLAND, LUCK','ALMENA, CUMBERLAND, LUCK'),(686,4,'R1111','R1111','R1111','R1111 ELVERTA, NATOMAS, NORTH','ELVERTA, NATOMAS, NORTH HIGHLANDS'),(687,4,'R1112','R1112','R1112','R1112 CEDAR RAPIDS, MARION, RO','CEDAR RAPIDS, MARION, ROBINS'),(688,4,'R1117','R1117','R1117','R1117 HAMPSHIRE COUNTY','HAMPSHIRE COUNTY'),(689,4,'R1120','R1120','R1120','R1120 TOWNSEND','TOWNSEND'),(690,4,'R1123','R1123','R1123','R1123 BEAVER CITY, ORLEANS, OX','BEAVER CITY, ORLEANS, OXFORD'),(691,4,'R1132','R1132','R1132','R1132 BENSON, POMERENE, ST DAV','BENSON, POMERENE, ST DAVID'),(692,4,'R1136','R1136','R1136','R1136 EAST MILTON, GULF BREEZE','EAST MILTON, GULF BREEZE, HOLLY'),(693,4,'R1138','R1138','R1138','R1138 BLOSSBURG, CHERRY FLATS,','BLOSSBURG, CHERRY FLATS, COVINGTON'),(694,4,'R1141','R1141','R1141','R1141 PELHAM','PELHAM'),(695,4,'R1143','R1143','R1143','R1143 BRIDGEPORT','BRIDGEPORT'),(696,4,'R1145','R1145','R1145','R1145 DRAPER, SANDY - SOUTH','DRAPER, SANDY - SOUTH'),(697,4,'R1149','R1149','R1149','R1149 EAST PALO ALTO, EASTERN','EAST PALO ALTO, EASTERN MENLO PARK'),(698,4,'R1155','R1155','R1155','R1155 CHESANING, CORUNNA, NEW','CHESANING, CORUNNA, NEW LOTHROP'),(699,4,'R1156','R1156','R1156','R1156 REMSEN','REMSEN'),(700,4,'R1157','R1157','R1157','R1157 CROSS ANCHOR, ENOREE, MO','CROSS ANCHOR, ENOREE, MOORE'),(701,4,'R1159','R1159','R1159','R1159 ALCOA, BLOUNT CO, FRIEND','ALCOA, BLOUNT CO, FRIENDSVILLE'),(702,4,'R1160','R1160','R1160','R1160 MILFORD, PLEASANT DALE','MILFORD, PLEASANT DALE'),(703,4,'R1161','R1161','R1161','R1161 CLAYCOMO, EXCELSIOR SPRI','CLAYCOMO, EXCELSIOR SPRINGS, GLADSTONE'),(704,4,'R1162','R1162','R1162','R1162 AKRON, CARO, CASS CITY','AKRON, CARO, CASS CITY'),(705,4,'R1163','R1163','R1163','R1163 ALMA, ASHLEY, BRECKENRID','ALMA, ASHLEY, BRECKENRIDGE'),(706,4,'R1165','R1165','R1165','R1165 COCKE COUNTY, COSBY, DAN','COCKE COUNTY, COSBY, DANDRIDGE'),(707,4,'R1167','R1167','R1167','R1167 ARIEL, COUGAR, KALAMA','ARIEL, COUGAR, KALAMA'),(708,4,'R1181','R1181','R1181','R1181 MILESBURG, PORT MATILDA,','MILESBURG, PORT MATILDA, SNOW SHOE'),(709,4,'R1182','R1182','R1182','R1182 FRAZEYSBURG, HANOVER, LI','FRAZEYSBURG, HANOVER, LICKING VLY SCHS'),(710,4,'R1184','R1184','R1184','R1184 ATLANTIC, CHINCOTEAGUE I','ATLANTIC, CHINCOTEAGUE ISL., GREENBACKVILLE'),(711,4,'R1187','R1187','R1187','R1187 AMERICAN CANYON, NAPA, V','AMERICAN CANYON, NAPA, VALLEJO'),(712,4,'R1196','R1196','R1196','R1196 HASTINGS','HASTINGS'),(713,4,'R1197','R1197','R1197','R1197 CENTREVILLE, CONSTANTINE','CENTREVILLE, CONSTANTINE, MENDON'),(714,4,'R1198','R1198','R1198','R1198 CEDAR, EMPIRE, GLEN ARBO','CEDAR, EMPIRE, GLEN ARBOR'),(715,4,'R1200','R1200','R1200','R1200 CATHEDRAL CITY, RANCHO M','CATHEDRAL CITY, RANCHO MIRAGE, THOUSAND PALMS'),(716,4,'R1201','R1201','R1201','R1201 ABSAROKEE, COLUMBUS, DEA','ABSAROKEE, COLUMBUS, DEAN'),(717,4,'R1203','R1203','R1203','R1203 CARROLLTOWN, HASTINGS, P','CARROLLTOWN, HASTINGS, PATTON'),(718,4,'R1204','R1204','R1204','R1204 AURORA OAKHURST, AURORA','AURORA OAKHURST, AURORA FORESTVIEW, AURORA BRENTWOOD'),(719,4,'R1206','R1206','R1206','R1206 CHICAGO-FAR NORTH, ROGER','CHICAGO-FAR NORTH, ROGERS PARK - EAST, ROGERS PARK - WEST'),(720,4,'R1210','R1210','R1210','R1210 ELLINGTON, ELLSNORE, FRE','ELLINGTON, ELLSNORE, FREMONT'),(721,4,'R1212','R1212','R1212','R1212 BUNNELL, FLAGLER BCH, PA','BUNNELL, FLAGLER BCH, PALM COAST'),(722,4,'R1215','R1215','R1215','R1215 LAKEVILLE, MAYVILLE, MIL','LAKEVILLE, MAYVILLE, MILLINGTON'),(723,4,'R1216','R1216','R1216','R1216 CASS CITY','CASS CITY'),(724,4,'R1224','R1224','R1224','R1224 AMBLE, CORAL, LAKEVIEW','AMBLE, CORAL, LAKEVIEW'),(725,4,'R1225','R1225','R1225','R1225 FOUNTAIN','FOUNTAIN'),(726,4,'R1230','R1230','R1230','R1230 ABIE, BELLWOOD, BRAINARD','ABIE, BELLWOOD, BRAINARD'),(727,4,'R1231','R1231','R1231','R1231 WILLCOX','WILLCOX'),(728,4,'R1236','R1236','R1236','R1236 AMERY, CLAYTON, CLEAR LA','AMERY, CLAYTON, CLEAR LAKE'),(729,4,'R1241','R1241','R1241','R1241 AINSWORTH, COLUMBUS JUNC','AINSWORTH, COLUMBUS JUNCTION, CRAWFORDSVILLE'),(730,4,'R1242','R1242','R1242','R1242 ANTHONY, BELLEVIEW, CITR','ANTHONY, BELLEVIEW, CITRA'),(731,4,'R1247','R1247','R1247','R1247 CLARION, KNOX','CLARION, KNOX'),(732,4,'R1256','R1256','R1256','R1256 AKRON, FAIRGROVE, GAGETO','AKRON, FAIRGROVE, GAGETOWN'),(733,4,'R1258','R1258','R1258','R1258 LAS VEGAS, SUMMERLIN','LAS VEGAS, SUMMERLIN'),(734,4,'R1262','R1262','R1262','R1262 ARAPAHOE, CAMBRIDGE, HOL','ARAPAHOE, CAMBRIDGE, HOLBROOK'),(735,4,'R1264','R1264','R1264','R1264 BROOKSIDE','BROOKSIDE'),(736,4,'R1265','R1265','R1265','R1265 CLANCY, HELENA, JEFFERSO','CLANCY, HELENA, JEFFERSON CITY'),(737,4,'R1266','R1266','R1266','R1266 BLOUNT COUNTY, BOYDS CRE','BLOUNT COUNTY, BOYDS CREEK, JOHNSON BIBLE COLLEG'),(738,4,'R1267','R1267','R1267','R1267 CLEWISTON','CLEWISTON'),(739,4,'R1271','R1271','R1271','R1271 CUMBERLAND, NORTH YARMOU','CUMBERLAND, NORTH YARMOUTH'),(740,4,'R1273','R1273','R1273','R1273 BURNETT COUNTY, GRANTSBU','BURNETT COUNTY, GRANTSBURG, PINE COUNTY'),(741,4,'R1275','R1275','R1275','R1275 AGRA, KENSINGTON, KIRWIN','AGRA, KENSINGTON, KIRWIN'),(742,4,'R1277','R1277','R1277','R1277 MONROE COUNTY','MONROE COUNTY'),(743,4,'R1278','R1278','R1278','R1278 ALMONT, DRYDEN, IMLAY CI','ALMONT, DRYDEN, IMLAY CITY'),(744,4,'R1280','R1280','R1280','R1280 ALLARDT, CLARKRANGE, JAM','ALLARDT, CLARKRANGE, JAMESTOWN'),(745,4,'R1282','R1282','R1282','R1282 CARLSBAD, ELFIN FOREST,','CARLSBAD, ELFIN FOREST, ENCINITAS'),(746,4,'R1284','R1284','R1284','R1284 BELVIDERE, GENOA, HERBER','BELVIDERE, GENOA, HERBERT'),(747,4,'R1285','R1285','R1285','R1285 CROSWELL, LEXINGTON','CROSWELL, LEXINGTON'),(748,4,'R1288','R1288','R1288','R1288 COMPTON, LYNWOOD, PARAMO','COMPTON, LYNWOOD, PARAMOUNT'),(749,4,'R1289','R1289','R1289','R1289 BRANCH COUNTY','BRANCH COUNTY'),(750,4,'R1294','R1294','R1294','R1294 CASSOPOLIS, JONES, MARCE','CASSOPOLIS, JONES, MARCELLUS'),(751,4,'R1296','R1296','R1296','R1296 ALLENTON, BERLIN TOWNSHI','ALLENTON, BERLIN TOWNSHIP, BERVILLE'),(752,4,'R1297','R1297','R1297','R1297 BATH, DEWITT, LANSING','BATH, DEWITT, LANSING'),(753,4,'R1298','R1298','R1298','R1298 HOWARD CITY, PIERSON, SA','HOWARD CITY, PIERSON, SAND LAKE'),(754,4,'R1300','R1300','R1300','R1300 DEVON, DUNKIN, ETHRIDGE','DEVON, DUNKIN, ETHRIDGE'),(755,4,'R1303','R1303','R1303','R1303 ELMWOOD PARK, GALEWOOD,','ELMWOOD PARK, GALEWOOD, OAK PARK'),(756,4,'R1304','R1304','R1304','R1304 BOYLE HEIGHTS, EAST LOS','BOYLE HEIGHTS, EAST LOS ANGELES, HOLLENBECK'),(757,4,'R1308','R1308','R1308','R1308 MASON COUNTY','MASON COUNTY'),(758,4,'R1309','R1309','R1309','R1309 TIPTON','TIPTON'),(759,4,'R1310','R1310','R1310','R1310 HAMPTON, NEWPORT NEWS','HAMPTON, NEWPORT NEWS'),(760,4,'R1311','R1311','R1311','R1311 BIRCH TREE, EMINENCE, MO','BIRCH TREE, EMINENCE, MOUNTAIN VIEW'),(761,4,'R1312','R1312','R1312','R1312 CAPAY, ESPARTO, MADISON','CAPAY, ESPARTO, MADISON'),(762,4,'R1315','R1315','R1315','R1315 BOULDER CITY, CAL-NEV-AR','BOULDER CITY, CAL-NEV-ARI, HENDERSON'),(763,4,'R1319','R1319','R1319','R1319 CITY HEIGHTS, SAN DIEGO','CITY HEIGHTS, SAN DIEGO'),(764,4,'R1324','R1324','R1324','R1324 EATON, MORRISVILLE, PETE','EATON, MORRISVILLE, PETERBORO'),(765,4,'R1326','R1326','R1326','R1326 BERTRAM, BURNET, FLORENC','BERTRAM, BURNET, FLORENCE'),(766,4,'R1328','R1328','R1328','R1328 ASTORIA, FOREST HILLS, G','ASTORIA, FOREST HILLS, GREENPOINT'),(767,4,'R1329','R1329','R1329','R1329 BRULE, HAWTHORNE, IRON R','BRULE, HAWTHORNE, IRON RIVER'),(768,4,'R1332','R1332','R1332','R1332 CENTRAL CITY, SHADE, SHA','CENTRAL CITY, SHADE, SHANKSVILLE'),(769,4,'R1335','R1335','R1335','R1335 ANAHEIM HILLS, EAST ANAH','ANAHEIM HILLS, EAST ANAHEIM, ORANGE'),(770,4,'R1336','R1336','R1336','R1336 BULLS GAP, MOORESBURG, R','BULLS GAP, MOORESBURG, ROGERSVILLE'),(771,4,'R1337','R1337','R1337','R1337 HARBOR BEACH','HARBOR BEACH'),(772,4,'R1339','R1339','R1339','R1339 WALNUT CREEK','WALNUT CREEK'),(773,4,'R1340','R1340','R1340','R1340 MASSENA','MASSENA'),(774,4,'R1341','R1341','R1341','R1341 ELDORADO, MADRID, PECOS','ELDORADO, MADRID, PECOS'),(775,4,'R1343','R1343','R1343','R1343 BLOOMINGTON, BLOOMINGTON','BLOOMINGTON, BLOOMINGTON HILLS, DAMERON/DIAMOND/WINC'),(776,4,'R1344','R1344','R1344','R1344 BRISBANE, COLMA, DALY CI','BRISBANE, COLMA, DALY CITY'),(777,4,'R1345','R1345','R1345','R1345 INGLEWOOD, LENNOX','INGLEWOOD, LENNOX'),(778,4,'R1347','R1347','R1347','R1347 EAST LOS ANGELES','EAST LOS ANGELES'),(779,4,'R1350','R1350','R1350','R1350 DORR, HOPKINS','DORR, HOPKINS'),(780,4,'R1352','R1352','R1352','R1352 STOCKTON','STOCKTON'),(781,4,'R1354','R1354','R1354','R1354 FREMONT, HESPERIA, NEWAY','FREMONT, HESPERIA, NEWAYGO'),(782,4,'R1356','R1356','R1356','R1356 DUCK LAKE, ONADAGA, PARM','DUCK LAKE, ONADAGA, PARMA'),(783,4,'R1357','R1357','R1357','R1357 CEDAR KEY, CHIEFLAND, FA','CEDAR KEY, CHIEFLAND, FANNING SPRINGS'),(784,4,'R1360','R1360','R1360','R1360 ALTURAS, CANBY, LIKELY','ALTURAS, CANBY, LIKELY'),(785,4,'R1363','R1363','R1363','R1363 HEBER, OVERGAARD','HEBER, OVERGAARD'),(786,4,'R1364','R1364','R1364','R1364 BROWN CITY','BROWN CITY'),(787,4,'R1365','R1365','R1365','R1365 ALMENA, LENORA, NORTON','ALMENA, LENORA, NORTON'),(788,4,'R1367','R1367','R1367','R1367 CLAM FALLS, FREDERIC, LU','CLAM FALLS, FREDERIC, LUCK'),(789,4,'R1368','R1368','R1368','R1368 ENTERPRISE, HENEFER, MOR','ENTERPRISE, HENEFER, MORGAN'),(790,4,'R1370','R1370','R1370','R1370 BOCA RATON, BOYNTON BEAC','BOCA RATON, BOYNTON BEACH, DELRAY BEACH'),(791,4,'R1371','R1371','R1371','R1371 BEECH BLUFF, BETHEL SPRI','BEECH BLUFF, BETHEL SPRINGS, ENVILLE'),(792,4,'R1373','R1373','R1373','R1373 CLAYSVILLE, GRANT, NEW H','CLAYSVILLE, GRANT, NEW HOPE'),(793,4,'R1378','R1378','R1378','R1378 MANHATTAN EAST SIDE','MANHATTAN EAST SIDE'),(794,4,'R1380','R1380','R1380','R1380 BALLARD, BLUEBELL, DUCHE','BALLARD, BLUEBELL, DUCHESNE'),(795,4,'R1382','R1382','R1382','R1382 ANGIE, ENON, FRANKLINTON','ANGIE, ENON, FRANKLINTON'),(796,4,'R1383','R1383','R1383','R1383 ST. CROIX, ST. JOHN, ST.','ST. CROIX, ST. JOHN, ST. THOMAS'),(797,4,'R1385','R1385','R1385','R1385 ALLIANCE, ANGORA, BEREA','ALLIANCE, ANGORA, BEREA'),(798,4,'R1386','R1386','R1386','R1386 BISON, LEMMON','BISON, LEMMON'),(799,4,'R1388','R1388','R1388','R1388 BREEZEWOOD, CLEARVILLE,','BREEZEWOOD, CLEARVILLE, EVERETT'),(800,4,'R1389','R1389','R1389','R1389 HANOVER, LITTLESTOWN','HANOVER, LITTLESTOWN'),(801,4,'R1390','R1390','R1390','R1390 EAST KNOX COUNTY, KNOXVI','EAST KNOX COUNTY, KNOXVILLE-EAST'),(802,4,'R1391','R1391','R1391','R1391 ALLENDALE, COOPERSVILLE,','ALLENDALE, COOPERSVILLE, GRAND HAVEN'),(803,4,'R1392','R1392','R1392','R1392 ALTOONA, BALD EAGLE, POR','ALTOONA, BALD EAGLE, PORT MATILDA'),(804,4,'R1393','R1393','R1393','R1393 UTOPIA, VANDERPOOL LAKEY','UTOPIA, VANDERPOOL LAKEY'),(805,4,'R1395','R1395','R1395','R1395 DOLGEVILLE, MANHEIM, OPP','DOLGEVILLE, MANHEIM, OPPENHEIM'),(806,4,'R1396','R1396','R1396','R1396 HOLLYWOOD, MIAMI, MIRAMA','HOLLYWOOD, MIAMI, MIRAMAR'),(807,4,'R1398','R1398','R1398','R1398 ANAHEIM, BREA, FULLERTON','ANAHEIM, BREA, FULLERTON'),(808,4,'R1400','R1400','R1400','R1400 DAYTON, EVENSVILLE, GRAN','DAYTON, EVENSVILLE, GRANDVIEW'),(809,4,'R1403','R1403','R1403','R1403 CUT BANK','CUT BANK'),(810,4,'R1406','R1406','R1406','R1406 CHOTEAU','CHOTEAU'),(811,4,'R1408','R1408','R1408','R1408 BUSHNELL, OXFORD, SUMTER','BUSHNELL, OXFORD, SUMTER COUNTY'),(812,4,'R1409','R1409','R1409','R1409 MOUNTAINTOP','MOUNTAINTOP'),(813,4,'R1410','R1410','R1410','R1410 ASHFORK, CHINO VALLEY, D','ASHFORK, CHINO VALLEY, DRAKE'),(814,4,'R1411','R1411','R1411','R1411 FENNVILLE, SAUGATUCK, HA','FENNVILLE, SAUGATUCK, HAMILTON'),(815,4,'R1415','R1415','R1415','R1415 BOISE CITY','BOISE CITY'),(816,4,'R1416','R1416','R1416','R1416 MCFARLAND','MCFARLAND'),(817,4,'R1420','R1420','R1420','R1420 CHESTER, GOSHEN, SUGAR L','CHESTER, GOSHEN, SUGAR LOAF'),(818,4,'R1421','R1421','R1421','R1421 BARSTOW, HELENDALE, ORO','BARSTOW, HELENDALE, ORO GRANDE'),(819,4,'R1422','R1422','R1422','R1422 LAGUNA HILLS','LAGUNA HILLS'),(820,4,'R1425','R1425','R1425','R1425 GREEN RIVER','GREEN RIVER'),(821,4,'R1426','R1426','R1426','R1426 ADEL, BLY, LAKEVIEW','ADEL, BLY, LAKEVIEW'),(822,4,'R1429','R1429','R1429','R1429 CUTLER, OROSI','CUTLER, OROSI'),(823,4,'R1430','R1430','R1430','R1430 ARLETA, LAKE VIEW TERRAC','ARLETA, LAKE VIEW TERRACE, MISSION HILLS'),(824,4,'R1434','R1434','R1434','R1434 GAINESVILLE, MARIETTA, M','GAINESVILLE, MARIETTA, MUENSTER'),(825,4,'R1435','R1435','R1435','R1435 CHECOTAH, EUFAULA, FORT','CHECOTAH, EUFAULA, FORT GIBSON'),(826,4,'R1437','R1437','R1437','R1437 ST CROIX FALLS','ST CROIX FALLS'),(827,4,'R1438','R1438','R1438','R1438 WESTCHESTER','WESTCHESTER'),(828,4,'R1440','R1440','R1440','R1440 MOENKOPI, TUBA CITY','MOENKOPI, TUBA CITY'),(829,4,'R1441','R1441','R1441','R1441 CASTAIC, VAL VERDE','CASTAIC, VAL VERDE'),(830,4,'R1443','R1443','R1443','R1443 LAREDO','LAREDO'),(831,4,'R1446','R1446','R1446','R1446 SHELDON','SHELDON'),(832,4,'R1447','R1447','R1447','R1447 ALBUQUERQUE, CORRALES, R','ALBUQUERQUE, CORRALES, RIO RANCHO'),(833,4,'R1448','R1448','R1448','R1448 BEAVERTON, CLARE, FARWEL','BEAVERTON, CLARE, FARWELL'),(834,4,'R1449','R1449','R1449','R1449 GOLDENDALE','GOLDENDALE'),(835,4,'R1450','R1450','R1450','R1450 MALABAR ARIMA','MALABAR ARIMA'),(836,4,'R1451','R1451','R1451','R1451 ASHVILLE, CRESSON, DYASR','ASHVILLE, CRESSON, DYASRT'),(837,4,'R1452','R1452','R1452','R1452 LAKE PARK','LAKE PARK'),(838,4,'R1453','R1453','R1453','R1453 MILLRY','MILLRY'),(839,4,'R1454','R1454','R1454','R1454 BRASHER FALLS','BRASHER FALLS'),(840,4,'R1455','R1455','R1455','R1455 LADERA RANCH, LAS FLORES','LADERA RANCH, LAS FLORES, WAGON WHEEL'),(841,4,'R1457','R1457','R1457','R1457 IMPERIAL','IMPERIAL'),(842,4,'R1458','R1458','R1458','R1458 AMARGOSA VALLEY','AMARGOSA VALLEY'),(843,4,'R1459','R1459','R1459','R1459 PARRISH, VERNON','PARRISH, VERNON'),(844,4,'R1461','R1461','R1461','R1461 RICHMOND','RICHMOND'),(845,4,'R1462','R1462','R1462','R1462 ABBOTTSTOWN, BRODBECKS,','ABBOTTSTOWN, BRODBECKS, CONEWAGO'),(846,4,'R1463','R1463','R1463','R1463 FRENCH VALLEY, LAKE ELSI','FRENCH VALLEY, LAKE ELSINORE, MURRIETA'),(847,4,'R1466','R1466','R1466','R1466 ANTIOCH, BRISTOL, GURNEE','ANTIOCH, BRISTOL, GURNEE'),(848,4,'R1468','R1468','R1468','R1468 CENTER POINT, URBANA, WA','CENTER POINT, URBANA, WALKER'),(849,4,'R1469','R1469','R1469','R1469 BEROUN, BRAHAM, BROOK PA','BEROUN, BRAHAM, BROOK PARK'),(850,4,'R1470','R1470','R1470','R1470 INDIANTOWN','INDIANTOWN'),(851,4,'R1471','R1471','R1471','R1471 CRYSTAL, GOWEN, GREENVIL','CRYSTAL, GOWEN, GREENVILLE'),(852,4,'R1472','R1472','R1472','R1472 BAILEY, CASNOVIA, GRANT','BAILEY, CASNOVIA, GRANT'),(853,4,'R1474','R1474','R1474','R1474 KEYENTA','KEYENTA'),(854,4,'R1475','R1475','R1475','R1475 CHESAPEAKE','CHESAPEAKE'),(855,4,'R1476','R1476','R1476','R1476 GREENVILLE, MASON, NEW I','GREENVILLE, MASON, NEW IPSWICH'),(856,4,'R1479','R1479','R1479','R1479 BROOKLYN, HARLEM, LONG I','BROOKLYN, HARLEM, LONG ISLAND'),(857,4,'R1481','R1481','R1481','R1481 ALBEE, BIRCH RUN, BRIDGE','ALBEE, BIRCH RUN, BRIDGEPORT'),(858,4,'R1482','R1482','R1482','R1482 WILLOW SPRINGS','WILLOW SPRINGS'),(859,4,'R1487','R1487','R1487','R1487 APOLLO BEACH, BALM, GIBS','APOLLO BEACH, BALM, GIBSONTON'),(860,4,'R1494','R1494','R1494','R1494 BROWNSVILLE, HARLINGEN,','BROWNSVILLE, HARLINGEN, LOS FRESNOS'),(861,4,'R1495','R1495','R1495','R1495 ANDERSON, LEXINGTON, ROG','ANDERSON, LEXINGTON, ROGERSVILLE'),(862,4,'R1499','R1499','R1499','R1499 BROADTOP AREA','BROADTOP AREA'),(863,4,'R1500','R1500','R1500','R1500 HYNDMAN','HYNDMAN'),(864,4,'R1503','R1503','R1503','R1503 CALUMET CITY, CHICAGO, D','CALUMET CITY, CHICAGO, DOLTON'),(865,4,'R1505','R1505','R1505','R1505 EAST CARLSBAD, SAN ELIJO','EAST CARLSBAD, SAN ELIJO, SAN MARCOS WEST'),(866,4,'R1508','R1508','R1508','R1508 FRENCH VALLEY, MURRIETA,','FRENCH VALLEY, MURRIETA, RANCHO CALIFORNIA'),(867,4,'R1509','R1509','R1509','R1509 CHECOTAH, EUFAULA, STIDH','CHECOTAH, EUFAULA, STIDHAM'),(868,4,'R1510','R1510','R1510','R1510 ALLENSWORTH, DELANO, EAR','ALLENSWORTH, DELANO, EARLIMART'),(869,4,'R1511','R1511','R1511','R1511 PATAGONIA','PATAGONIA'),(870,4,'R1512','R1512','R1512','R1512 ELK RIVER, OTSEGO, ROGER','ELK RIVER, OTSEGO, ROGERS'),(871,4,'R1514','R1514','R1514','R1514 FERNDALE, LEW BEACH, LIB','FERNDALE, LEW BEACH, LIBERTY'),(872,4,'R1516','R1516','R1516','R1516 CHIACTOWN, GAF, SOUTH LO','CHIACTOWN, GAF, SOUTH LOOP'),(873,4,'R1517','R1517','R1517','R1517 BETHEL, BLOOMINGBURG, BU','BETHEL, BLOOMINGBURG, BURLINGHAM'),(874,4,'R1518','R1518','R1518','R1518 FALLSBURG, HURLEYVILLE,','FALLSBURG, HURLEYVILLE, LOCH SHELDRAKE'),(875,4,'R1520','R1520','R1520','R1520 ALTAMONT, ALTONAH, BLUEB','ALTAMONT, ALTONAH, BLUEBELL'),(876,4,'R1521','R1521','R1521','R1521 ACREAGE, LOXAHATCHEE, RO','ACREAGE, LOXAHATCHEE, ROYAL PALM BEACH'),(877,4,'R1522','R1522','R1522','R1522 GILMAN, JEMEZ PUEBLO, JE','GILMAN, JEMEZ PUEBLO, JEMEZ SPRINGS'),(878,4,'R1523','R1523','R1523','R1523 FREMONT, HESPERIA, WHITE','FREMONT, HESPERIA, WHITE CLOUD'),(879,4,'R1525','R1525','R1525','R1525 SOMERSET','SOMERSET'),(880,4,'R1526','R1526','R1526','R1526 BAKERSFIELD','BAKERSFIELD'),(881,4,'R1527','R1527','R1527','R1527 COMPTON, LOS ANGELES','COMPTON, LOS ANGELES'),(882,4,'R1528','R1528','R1528','R1528 ARCADIA, BURWELL, ELYRIA','ARCADIA, BURWELL, ELYRIA'),(883,4,'R1529','R1529','R1529','R1529 BORREGO SPRINGS','BORREGO SPRINGS'),(884,4,'R1531','R1531','R1531','R1531 BELLE GLADE','BELLE GLADE'),(885,4,'R1533','R1533','R1533','R1533 SYRACUSE, WEST POINT','SYRACUSE, WEST POINT'),(886,4,'R1534','R1534','R1534','R1534 PLEASANTON','PLEASANTON'),(887,4,'R1535','R1535','R1535','R1535 BRIGHTON','BRIGHTON'),(888,4,'R1536','R1536','R1536','R1536 BRADLEY, FALLSBURG, GRAH','BRADLEY, FALLSBURG, GRAHAMSVILLE'),(889,4,'R1537','R1537','R1537','R1537 BURNS FLAT, CANUTE, ELK','BURNS FLAT, CANUTE, ELK CITY'),(890,4,'R1538','R1538','R1538','R1538 WHITEHALL','WHITEHALL'),(891,4,'R1539','R1539','R1539','R1539 CLAYSBURG, DUNCANSVILLE,','CLAYSBURG, DUNCANSVILLE, EAST FREEDOM'),(892,4,'R1540','R1540','R1540','R1540 OSCEOLA MILLS, PHILIPSBU','OSCEOLA MILLS, PHILIPSBURG'),(893,4,'R1541','R1541','R1541','R1541 CRANSTON, PROVIDENCE','CRANSTON, PROVIDENCE'),(894,4,'R1542','R1542','R1542','R1542 BRADY, KINGSLAND, LLANO','BRADY, KINGSLAND, LLANO'),(895,4,'R1543','R1543','R1543','R1543 COOPERAS COVE, FT HOOD,','COOPERAS COVE, FT HOOD, HARKER HEIGHTS'),(896,4,'R1544','R1544','R1544','R1544 DEER LODGE, GALEN','DEER LODGE, GALEN'),(897,4,'R1546','R1546','R1546','R1546 DAY, HADLEY, LUZERNE','DAY, HADLEY, LUZERNE'),(898,4,'R1547','R1547','R1547','R1547 CHARLESTON, DUANESBURG,','CHARLESTON, DUANESBURG, FLORIDA'),(899,4,'R1548','R1548','R1548','R1548 WELLINGTON','WELLINGTON'),(900,4,'R1549','R1549','R1549','R1549 LEXINGTON','LEXINGTON'),(901,4,'R1551','R1551','R1551','R1551 BEACH LAKE, COCHECTON CE','BEACH LAKE, COCHECTON CENTER, DAMASCUS'),(902,4,'R1552','R1552','R1552','R1552 ASH FLAT, CHEROKEE VILLA','ASH FLAT, CHEROKEE VILLAGE, HARDY'),(903,4,'R1553','R1553','R1553','R1553 COLORADO SPRINGS','COLORADO SPRINGS'),(904,4,'R1554','R1554','R1554','R1554 MOUNT VERNON,','MOUNT VERNON,'),(905,4,'R1555','R1555','R1555','R1555 COVENTRY, GREENE, WEST G','COVENTRY, GREENE, WEST GREENWICH'),(906,4,'R1556','R1556','R1556','R1556 BALSAM LAKE, CENTURIA, M','BALSAM LAKE, CENTURIA, MILLTOWN'),(907,4,'R1557','R1557','R1557','R1557 BARR TWP, CHERRY TREE, N','BARR TWP, CHERRY TREE, NORTHERN CAMBRIA'),(908,4,'R1558','R1558','R1558','R1558 CASSELBERRY, LONGWOOD, M','CASSELBERRY, LONGWOOD, MAITLAND'),(909,4,'R1559','R1559','R1559','R1559 ALDA, AURORA, CAIRO','ALDA, AURORA, CAIRO'),(910,4,'R1560','R1560','R1560','R1560 LAKE PLACID','LAKE PLACID'),(911,4,'R1561','R1561','R1561','R1561 BENTON, DELANO, OCOEE','BENTON, DELANO, OCOEE'),(912,4,'R1562','R1562','R1562','R1562 CABARRUS COUNTY, CONCORD','CABARRUS COUNTY, CONCORD, KANAPOLIS'),(913,4,'R1563','R1563','R1563','R1563 CANASTOTA, OTHER, PERRYV','CANASTOTA, OTHER, PERRYVILLE'),(914,4,'R1564','R1564','R1564','R1564 LYMAN, MOUNTAIN VIEW, RO','LYMAN, MOUNTAIN VIEW, ROBERTSON'),(915,4,'R1566','R1566','R1566','R1566 AVENTURA, NORTH MIAMI, S','AVENTURA, NORTH MIAMI, SOUTH MIAMI'),(916,4,'R1567','R1567','R1567','R1567 ECHO PARK, LOS FELIZ, SI','ECHO PARK, LOS FELIZ, SILVER LAKE'),(917,4,'R1568','R1568','R1568','R1568 16TH WARD, AUBURN GRESHA','16TH WARD, AUBURN GRESHAM, ENGLEWOOD'),(918,4,'R1570','R1570','R1570','R1570 BETHANY, EL RENO, MOORE','BETHANY, EL RENO, MOORE'),(919,4,'R1571','R1571','R1571','R1571 EAST MILTON, MILTON','EAST MILTON, MILTON'),(920,4,'R1572','R1572','R1572','R1572 GREENDALE, WORCESTER','GREENDALE, WORCESTER'),(921,4,'R1573','R1573','R1573','R1573 BRONX','BRONX'),(922,4,'R1574','R1574','R1574','R1574 DONA VISTA, LEESBURG, UM','DONA VISTA, LEESBURG, UMATILLA'),(923,4,'R1575','R1575','R1575','R1575 DORAL, MEDLEY, SO. MIAMI','DORAL, MEDLEY, SO. MIAMI'),(924,4,'R1576','R1576','R1576','R1576 LINDA VISTA, SAN DIEGO','LINDA VISTA, SAN DIEGO'),(925,4,'R1577','R1577','R1577','R1577 BROOKLYN, JAMAICA, OZONE','BROOKLYN, JAMAICA, OZONE PARK'),(926,4,'R1578','R1578','R1578','R1578 COLBERT COUNTIES, FLOREN','COLBERT COUNTIES, FLORENCE, KILLEN'),(927,4,'R1579','R1579','R1579','R1579 ANGWIN, ANTIOCH, BAY POI','ANGWIN, ANTIOCH, BAY POINT'),(928,4,'R1580','R1580','R1580','R1580 SO MIAMI, KENDALL, WESTW','SO MIAMI, KENDALL, WESTWOOD'),(929,4,'R1581','R1581','R1581','R1581 AMBOY, SUBLETTE, HARMON','AMBOY, SUBLETTE, HARMON'),(930,4,'R1582','R1582','R1582','R1582 SPOONER, SHELL LAKE, MIN','SPOONER, SHELL LAKE, MINOG'),(931,4,'R1583','R1583','R1583','R1583 MOUNTAIN HOUSE','MOUNTAIN HOUSE'),(932,4,'R1584','R1584','R1584','R1584 HAWAIIAN OCEAN EST, NAAL','HAWAIIAN OCEAN EST, NAALEHU, WALOHINO'),(933,4,'R1585','R1585','R1585','R1585 YOAKUM COUNTY, PLAINS, D','YOAKUM COUNTY, PLAINS, DENVER CITY'),(934,4,'R1586','R1586','R1586','R1586 TALLAHASSE, ECLECTIC, MI','TALLAHASSE, ECLECTIC, MILLBROOK'),(935,4,'R1587','R1587','R1587','R1587 HAWKS, MILLERSBURG, OCQU','HAWKS, MILLERSBURG, OCQUEOC'),(936,4,'R9695','R9695','R9695','R9695 NSTC STAFF ONLY','NSTC STAFF ONLY'),(937,4,'R9696','R9696','R9696','R9696 CAMP STAFF ONLY','CAMP STAFF ONLY'),(938,4,'R1588','R1588','R1588','R1588 Cherokee, SC','Cherokee'),(939,4,'R1158','R1158','R1158','R1158 Spartenburg,SC','REVOKED Spartenburg'),(940,4,'R0836','R0836','R0836','R0836 Polk County, SC','REVOKED Polk'),(941,4,'R1229','R1229','R1229','R1229 Lyman, SC','REVOKED Lyman'),(942,4,'R1243','R1243','R1243','R1243 New Johnsonville, TN','REVOKED New Johnsonville'),(943,4,'R1087','R1087','R1087','R1087 Canton, NC','REVOKED Canton'),(944,4,'R0858','R0858','R0858','R0858 Selmer, TN','REVOKED Selmer'),(945,4,'R1302','R1302','R1302','R1302 Union, SC','REVOKED Union'),(946,4,'R1519','R1519','R1519','R1519','REVOKED'),(947,4,'R0480','R0480','R0480','R0480','REVOKED'),(948,4,'R1134','R1134','R1134','R1134','REVOKED'),(949,4,'R1550','R1550','R1550','R1550','REVOKED'),(950,4,'R1014','R1014','R1014','R1014','REVOKED'),(951,4,'R1477','R1477','R1477','R1477','REVOKED'),(952,4,'R1423','R1423','R1423','R1423','REVOKED'),(953,4,'R0353','R0353','R0353','R0353','REVOKED'),(954,4,'R1513','R1513','R1513','R1513','REVOKED'),(955,4,'R1496','R1496','R1496','R1496','REVOKED'),(956,4,'R1220','R1220','R1220','R1220','REVOKED');
/*!40000 ALTER TABLE `org` ENABLE KEYS */;
UNLOCK TABLES;

--
-- Table structure for table `org_group`
--

DROP TABLE IF EXISTS `org_group`;
/*!40101 SET @saved_cs_client     = @@character_set_client */;
/*!40101 SET character_set_client = utf8 */;
CREATE TABLE `org_group` (
  `id` int(10) unsigned NOT NULL AUTO_INCREMENT,
  `keyx` char(20) NOT NULL,
  `sortx` int(10) NOT NULL,
  `desc1` char(40) NOT NULL,
  `desc2` char(80) DEFAULT '',
  `status` int(10) unsigned DEFAULT '1',
  PRIMARY KEY (`id`),
  UNIQUE KEY `i0` (`keyx`),
  KEY `i1` (`sortx`),
  KEY `i2` (`desc1`)
) ENGINE=MyISAM AUTO_INCREMENT=3 DEFAULT CHARSET=utf8;
/*!40101 SET character_set_client = @saved_cs_client */;

--
-- Dumping data for table `org_group`
--

LOCK TABLES `org_group` WRITE;
/*!40000 ALTER TABLE `org_group` DISABLE KEYS */;
INSERT INTO `org_group` VALUES (1,'ALL',1,'All Active Organizations','',1),(2,'AYSO AREA 5C,F',2,'Area 5CF, North AL, South TN','',1);
/*!40000 ALTER TABLE `org_group` ENABLE KEYS */;
UNLOCK TABLES;

--
-- Table structure for table `org_group_org`
--

DROP TABLE IF EXISTS `org_group_org`;
/*!40101 SET @saved_cs_client     = @@character_set_client */;
/*!40101 SET character_set_client = utf8 */;
CREATE TABLE `org_group_org` (
  `id` int(10) unsigned NOT NULL AUTO_INCREMENT,
  `org_group_id` int(10) unsigned NOT NULL,
  `org_id` int(10) unsigned NOT NULL,
  PRIMARY KEY (`id`),
  UNIQUE KEY `i0` (`org_group_id`,`org_id`)
) ENGINE=MyISAM AUTO_INCREMENT=11 DEFAULT CHARSET=utf8;
/*!40101 SET character_set_client = @saved_cs_client */;

--
-- Dumping data for table `org_group_org`
--

LOCK TABLES `org_group_org` WRITE;
/*!40000 ALTER TABLE `org_group_org` DISABLE KEYS */;
INSERT INTO `org_group_org` VALUES (1,1,1),(2,1,4),(3,1,7),(4,1,11),(5,1,5),(6,2,1),(7,2,4),(8,2,7),(9,2,11),(10,2,5);
/*!40000 ALTER TABLE `org_group_org` ENABLE KEYS */;
UNLOCK TABLES;

--
-- Temporary table structure for view `org_group_org_view`
--

DROP TABLE IF EXISTS `org_group_org_view`;
/*!50001 DROP VIEW IF EXISTS `org_group_org_view`*/;
SET @saved_cs_client     = @@character_set_client;
SET character_set_client = utf8;
/*!50001 CREATE TABLE `org_group_org_view` (
  `org_group_id` int(10) unsigned,
  `org_group_key` char(20),
  `org_group_desc` char(40),
  `org_group_sort` int(10),
  `org_id` int(10) unsigned,
  `org_key` char(10),
  `org_desc` char(30),
  `org_type` char(20)
) ENGINE=MyISAM */;
SET character_set_client = @saved_cs_client;

--
-- Table structure for table `org_type`
--

DROP TABLE IF EXISTS `org_type`;
/*!40101 SET @saved_cs_client     = @@character_set_client */;
/*!40101 SET character_set_client = utf8 */;
CREATE TABLE `org_type` (
  `id` int(10) unsigned NOT NULL AUTO_INCREMENT,
  `keyx` char(20) NOT NULL,
  PRIMARY KEY (`id`),
  UNIQUE KEY `i0` (`keyx`)
) ENGINE=MyISAM AUTO_INCREMENT=22 DEFAULT CHARSET=utf8;
/*!40101 SET character_set_client = @saved_cs_client */;

--
-- Dumping data for table `org_type`
--

LOCK TABLES `org_type` WRITE;
/*!40000 ALTER TABLE `org_type` DISABLE KEYS */;
INSERT INTO `org_type` VALUES (1,'AYSO National'),(2,'AYSO Section'),(3,'AYSO Area'),(4,'AYSO Region'),(11,'Sports Club'),(12,'Sports League'),(21,'School');
/*!40000 ALTER TABLE `org_type` ENABLE KEYS */;
UNLOCK TABLES;

--
-- Table structure for table `person`
--

DROP TABLE IF EXISTS `person`;
/*!40101 SET @saved_cs_client     = @@character_set_client */;
/*!40101 SET character_set_client = utf8 */;
CREATE TABLE `person` (
  `id` int(10) unsigned NOT NULL AUTO_INCREMENT,
  `fname` char(20) DEFAULT '',
  `lname` char(20) DEFAULT '',
  `nname` char(20) DEFAULT '',
  `mname` char(20) DEFAULT '',
  `sname` char(20) DEFAULT '',
  `dob` char(8) DEFAULT '',
  `gender` char(2) DEFAULT '',
  `status` int(10) unsigned DEFAULT '1',
  `ts_created` char(16) DEFAULT NULL,
  `ts_updated` char(16) DEFAULT NULL,
  PRIMARY KEY (`id`),
  KEY `i1` (`fname`,`lname`),
  KEY `i2` (`nname`,`lname`),
  KEY `i3` (`lname`,`fname`)
) ENGINE=MyISAM DEFAULT CHARSET=utf8;
/*!40101 SET character_set_client = @saved_cs_client */;

--
-- Dumping data for table `person`
--

LOCK TABLES `person` WRITE;
/*!40000 ALTER TABLE `person` DISABLE KEYS */;
/*!40000 ALTER TABLE `person` ENABLE KEYS */;
UNLOCK TABLES;

--
-- Table structure for table `person_reg`
--

DROP TABLE IF EXISTS `person_reg`;
/*!40101 SET @saved_cs_client     = @@character_set_client */;
/*!40101 SET character_set_client = utf8 */;
CREATE TABLE `person_reg` (
  `id` int(10) unsigned NOT NULL AUTO_INCREMENT,
  `person_id` int(10) unsigned DEFAULT '0',
  `person_reg_type_id` int(10) unsigned DEFAULT '0',
  `person_reg_num` char(20) DEFAULT NULL,
  `person_reg_year` int(10) unsigned DEFAULT '0',
  `fname` char(20) DEFAULT '',
  `lname` char(20) DEFAULT '',
  `nname` char(20) DEFAULT '',
  `mname` char(20) DEFAULT '',
  `sname` char(20) DEFAULT '',
  `dob` char(8) DEFAULT NULL,
  `gender` char(2) DEFAULT NULL,
  `phone_home` char(20) DEFAULT NULL,
  `phone_work` char(20) DEFAULT NULL,
  `phone_cell` char(20) DEFAULT NULL,
  `email` char(64) DEFAULT NULL,
  `email2` char(64) DEFAULT NULL,
  `ts_created` char(16) DEFAULT NULL,
  `ts_updated` char(16) DEFAULT NULL,
  PRIMARY KEY (`id`),
  UNIQUE KEY `i0` (`person_reg_type_id`,`person_reg_num`),
  KEY `i1` (`fname`,`lname`),
  KEY `i2` (`nname`,`lname`),
  KEY `i3` (`lname`,`fname`)
) ENGINE=MyISAM DEFAULT CHARSET=utf8;
/*!40101 SET character_set_client = @saved_cs_client */;

--
-- Dumping data for table `person_reg`
--

LOCK TABLES `person_reg` WRITE;
/*!40000 ALTER TABLE `person_reg` DISABLE KEYS */;
/*!40000 ALTER TABLE `person_reg` ENABLE KEYS */;
UNLOCK TABLES;

--
-- Table structure for table `person_reg_cert`
--

DROP TABLE IF EXISTS `person_reg_cert`;
/*!40101 SET @saved_cs_client     = @@character_set_client */;
/*!40101 SET character_set_client = utf8 */;
CREATE TABLE `person_reg_cert` (
  `id` int(10) unsigned NOT NULL AUTO_INCREMENT,
  `person_reg_id` int(10) unsigned NOT NULL,
  `person_reg_num` char(20) DEFAULT NULL,
  `fname` char(20) DEFAULT NULL,
  `lname` char(20) DEFAULT NULL,
  `cert_cat` int(10) unsigned DEFAULT NULL,
  `cert_type` int(10) unsigned DEFAULT NULL,
  `cert_desc` char(40) DEFAULT NULL,
  `cert_date` char(8) DEFAULT NULL,
  `cert_year` int(10) unsigned DEFAULT '0',
  `ts_created` char(16) DEFAULT NULL,
  `ts_updated` char(16) DEFAULT NULL,
  PRIMARY KEY (`id`),
  UNIQUE KEY `i0` (`person_reg_id`,`cert_cat`),
  UNIQUE KEY `i1` (`person_reg_id`,`cert_type`)
) ENGINE=MyISAM DEFAULT CHARSET=utf8;
/*!40101 SET character_set_client = @saved_cs_client */;

--
-- Dumping data for table `person_reg_cert`
--

LOCK TABLES `person_reg_cert` WRITE;
/*!40000 ALTER TABLE `person_reg_cert` DISABLE KEYS */;
/*!40000 ALTER TABLE `person_reg_cert` ENABLE KEYS */;
UNLOCK TABLES;

--
-- Table structure for table `person_reg_org`
--

DROP TABLE IF EXISTS `person_reg_org`;
/*!40101 SET @saved_cs_client     = @@character_set_client */;
/*!40101 SET character_set_client = utf8 */;
CREATE TABLE `person_reg_org` (
  `id` int(10) unsigned NOT NULL AUTO_INCREMENT,
  `person_reg_id` int(10) unsigned NOT NULL,
  `org_id` int(10) unsigned NOT NULL,
  PRIMARY KEY (`id`),
  UNIQUE KEY `i0` (`person_reg_id`,`org_id`),
  UNIQUE KEY `i1` (`org_id`,`person_reg_id`)
) ENGINE=MyISAM AUTO_INCREMENT=2 DEFAULT CHARSET=utf8;
/*!40101 SET character_set_client = @saved_cs_client */;

--
-- Dumping data for table `person_reg_org`
--

LOCK TABLES `person_reg_org` WRITE;
/*!40000 ALTER TABLE `person_reg_org` DISABLE KEYS */;
/*!40000 ALTER TABLE `person_reg_org` ENABLE KEYS */;
UNLOCK TABLES;

--
-- Table structure for table `person_reg_type`
--

DROP TABLE IF EXISTS `person_reg_type`;
/*!40101 SET @saved_cs_client     = @@character_set_client */;
/*!40101 SET character_set_client = utf8 */;
CREATE TABLE `person_reg_type` (
  `id` int(10) unsigned NOT NULL AUTO_INCREMENT,
  `keyx` char(10) NOT NULL,
  PRIMARY KEY (`id`),
  UNIQUE KEY `i1` (`keyx`)
) ENGINE=MyISAM AUTO_INCREMENT=4 DEFAULT CHARSET=utf8;
/*!40101 SET character_set_client = @saved_cs_client */;

--
-- Dumping data for table `person_reg_type`
--

LOCK TABLES `person_reg_type` WRITE;
/*!40000 ALTER TABLE `person_reg_type` DISABLE KEYS */;
INSERT INTO `person_reg_type` VALUES (1,'osso'),(2,'ayso vol'),(3,'ayso playe');
/*!40000 ALTER TABLE `person_reg_type` ENABLE KEYS */;
UNLOCK TABLES;

--
-- Temporary table structure for view `person_view1`
--

DROP TABLE IF EXISTS `person_view1`;
/*!50001 DROP VIEW IF EXISTS `person_view1`*/;
SET @saved_cs_client     = @@character_set_client;
SET character_set_client = utf8;
/*!50001 CREATE TABLE `person_view1` (
  `reg_type` char(10),
  `reg_num` char(20),
  `reg_year` int(10) unsigned,
  `lname` char(20),
  `fname` char(20),
  `nname` char(20)
) ENGINE=MyISAM */;
SET character_set_client = @saved_cs_client;

--
-- Temporary table structure for view `user_data_view`
--

DROP TABLE IF EXISTS `user_data_view`;
/*!50001 DROP VIEW IF EXISTS `user_data_view`*/;
SET @saved_cs_client     = @@character_set_client;
SET character_set_client = utf8;
/*!50001 CREATE TABLE `user_data_view` (
  `id` int(10) unsigned,
  `fname` char(40),
  `lname` char(40),
  `account_id` int(10) unsigned,
  `account_user_name` char(40),
  `org_id` int(10),
  `org_key` char(10),
  `org_desc` char(30),
  `person_idx` int(10),
  `person_id` int(10) unsigned,
  `person_dob` char(8),
  `cert_source` int(10) unsigned,
  `cert_id` int(10) unsigned,
  `cert_cat` int(10) unsigned,
  `cert_type` int(10) unsigned,
  `cert_date` char(8),
  `cert_desc` char(40)
) ENGINE=MyISAM */;
SET character_set_client = @saved_cs_client;

--
-- Final view structure for view `account_view1`
--

/*!50001 DROP TABLE IF EXISTS `account_view1`*/;
/*!50001 DROP VIEW IF EXISTS `account_view1`*/;
/*!50001 SET @saved_cs_client          = @@character_set_client */;
/*!50001 SET @saved_cs_results         = @@character_set_results */;
/*!50001 SET @saved_col_connection     = @@collation_connection */;
/*!50001 SET character_set_client      = utf8 */;
/*!50001 SET character_set_results     = utf8 */;
/*!50001 SET collation_connection      = utf8_general_ci */;
/*!50001 CREATE ALGORITHM=UNDEFINED */
/*!50013 DEFINER=`root`@`localhost` SQL SECURITY DEFINER */
/*!50001 VIEW `account_view1` AS select `account`.`id` AS `account_id`,`account`.`user_name` AS `user_name`,`account_person`.`id` AS `account_person_id`,`account_person`.`person_id` AS `person_idx`,`person`.`id` AS `person_id`,`account`.`lname` AS `lname`,`account_person`.`fname` AS `fname`,`person`.`fname` AS `person_fname`,`person`.`lname` AS `person_lname` from ((`account` left join `account_person` on((`account_person`.`account_id` = `account`.`id`))) left join `person` on((`person`.`id` = `account_person`.`person_id`))) */;
/*!50001 SET character_set_client      = @saved_cs_client */;
/*!50001 SET character_set_results     = @saved_cs_results */;
/*!50001 SET collation_connection      = @saved_col_connection */;

--
-- Final view structure for view `org_group_org_view`
--

/*!50001 DROP TABLE IF EXISTS `org_group_org_view`*/;
/*!50001 DROP VIEW IF EXISTS `org_group_org_view`*/;
/*!50001 SET @saved_cs_client          = @@character_set_client */;
/*!50001 SET @saved_cs_results         = @@character_set_results */;
/*!50001 SET @saved_col_connection     = @@collation_connection */;
/*!50001 SET character_set_client      = utf8 */;
/*!50001 SET character_set_results     = utf8 */;
/*!50001 SET collation_connection      = utf8_general_ci */;
/*!50001 CREATE ALGORITHM=UNDEFINED */
/*!50013 DEFINER=`root`@`localhost` SQL SECURITY DEFINER */
/*!50001 VIEW `org_group_org_view` AS select `org_group`.`id` AS `org_group_id`,`org_group`.`keyx` AS `org_group_key`,`org_group`.`desc1` AS `org_group_desc`,`org_group`.`sortx` AS `org_group_sort`,`org`.`id` AS `org_id`,`org`.`keyx` AS `org_key`,`org`.`desc1` AS `org_desc`,`org_type`.`keyx` AS `org_type` from (((`org_group` left join `org_group_org` on((`org_group_org`.`org_group_id` = `org_group`.`id`))) left join `org` on((`org`.`id` = `org_group_org`.`org_id`))) left join `org_type` on((`org_type`.`id` = `org`.`org_type_id`))) */;
/*!50001 SET character_set_client      = @saved_cs_client */;
/*!50001 SET character_set_results     = @saved_cs_results */;
/*!50001 SET collation_connection      = @saved_col_connection */;

--
-- Final view structure for view `person_view1`
--

/*!50001 DROP TABLE IF EXISTS `person_view1`*/;
/*!50001 DROP VIEW IF EXISTS `person_view1`*/;
/*!50001 SET @saved_cs_client          = @@character_set_client */;
/*!50001 SET @saved_cs_results         = @@character_set_results */;
/*!50001 SET @saved_col_connection     = @@collation_connection */;
/*!50001 SET character_set_client      = utf8 */;
/*!50001 SET character_set_results     = utf8 */;
/*!50001 SET collation_connection      = utf8_general_ci */;
/*!50001 CREATE ALGORITHM=UNDEFINED */
/*!50013 DEFINER=`root`@`localhost` SQL SECURITY DEFINER */
/*!50001 VIEW `person_view1` AS select `person_reg_type`.`keyx` AS `reg_type`,`person_reg`.`person_reg_num` AS `reg_num`,`person_reg`.`person_reg_year` AS `reg_year`,`person`.`lname` AS `lname`,`person`.`fname` AS `fname`,`person`.`nname` AS `nname` from ((`person` left join `person_reg` on((`person_reg`.`person_id` = `person`.`id`))) left join `person_reg_type` on((`person_reg_type`.`id` = `person_reg`.`person_reg_type_id`))) order by `person`.`lname`,`person`.`fname`,`person_reg_type`.`keyx`,`person_reg`.`person_reg_num` */;
/*!50001 SET character_set_client      = @saved_cs_client */;
/*!50001 SET character_set_results     = @saved_cs_results */;
/*!50001 SET collation_connection      = @saved_col_connection */;

--
-- Final view structure for view `user_data_view`
--

/*!50001 DROP TABLE IF EXISTS `user_data_view`*/;
/*!50001 DROP VIEW IF EXISTS `user_data_view`*/;
/*!50001 SET @saved_cs_client          = @@character_set_client */;
/*!50001 SET @saved_cs_results         = @@character_set_results */;
/*!50001 SET @saved_col_connection     = @@collation_connection */;
/*!50001 SET character_set_client      = utf8 */;
/*!50001 SET character_set_results     = utf8 */;
/*!50001 SET collation_connection      = utf8_general_ci */;
/*!50001 CREATE ALGORITHM=UNDEFINED */
/*!50013 DEFINER=`root`@`localhost` SQL SECURITY DEFINER */
/*!50001 VIEW `user_data_view` AS select `account_person`.`id` AS `id`,`account_person`.`fname` AS `fname`,`account_person`.`lname` AS `lname`,`account`.`id` AS `account_id`,`account`.`user_name` AS `account_user_name`,`account_person`.`org_id` AS `org_id`,`org`.`keyx` AS `org_key`,`org`.`desc1` AS `org_desc`,`account_person`.`person_id` AS `person_idx`,`person`.`id` AS `person_id`,`person`.`dob` AS `person_dob`,`person_reg`.`person_reg_type_id` AS `cert_source`,`person_reg_cert`.`id` AS `cert_id`,`person_reg_cert`.`cert_cat` AS `cert_cat`,`person_reg_cert`.`cert_type` AS `cert_type`,`person_reg_cert`.`cert_date` AS `cert_date`,`person_reg_cert`.`cert_desc` AS `cert_desc` from (((((`account_person` left join `account` on((`account`.`id` = `account_person`.`account_id`))) left join `org` on((`org`.`id` = `account_person`.`org_id`))) left join `person` on((`person`.`id` = `account_person`.`person_id`))) left join `person_reg` on((`person_reg`.`person_id` = `person`.`id`))) left join `person_reg_cert` on((`person_reg_cert`.`person_reg_id` = `person_reg`.`id`))) */;
/*!50001 SET character_set_client      = @saved_cs_client */;
/*!50001 SET character_set_results     = @saved_cs_results */;
/*!50001 SET collation_connection      = @saved_col_connection */;
/*!40103 SET TIME_ZONE=@OLD_TIME_ZONE */;

/*!40101 SET SQL_MODE=@OLD_SQL_MODE */;
/*!40014 SET FOREIGN_KEY_CHECKS=@OLD_FOREIGN_KEY_CHECKS */;
/*!40014 SET UNIQUE_CHECKS=@OLD_UNIQUE_CHECKS */;
/*!40101 SET CHARACTER_SET_CLIENT=@OLD_CHARACTER_SET_CLIENT */;
/*!40101 SET CHARACTER_SET_RESULTS=@OLD_CHARACTER_SET_RESULTS */;
/*!40101 SET COLLATION_CONNECTION=@OLD_COLLATION_CONNECTION */;
/*!40111 SET SQL_NOTES=@OLD_SQL_NOTES */;

-- Dump completed on 2010-07-01 11:31:07
